Date,Network,Station ID,Station Energy,Start Time,Finish Time,Duration,Energy (kWh),Total (USD),Miles,Avg. Cost (¢/mi),,,Energy / Trip,Mi / kWh / Trip,Month,,⏮,⏴,⏺,⏵,⏭
02-09-2024,Blink,BAE800232,16.64 kW AC,2024-02-09 7:39:11 AM EST,2024-02-09 12:49:00 PM EST,3:32:39,32.7729,$6.55,93.1,7.0,-,0,32.8,2.84,2,,24,26,35,44,50
02-14-2024,Blink,BAE800232,16.64 kW AC,2024-02-14 7:33:43 AM EST,2024-02-14 1:22:31 PM EST,4:58:44,46.8284,$9.37,123.4,7.6,-,0,46.8,2.64,2,,25,29,38,47,61
02-15-2024,Blink,BAE800232,16.64 kW AC,2024-02-15 6:46:51 AM EST,2024-02-15 11:44:21 AM EST,4:44:00,43.8892,$8.78,104.4,8.4,-,0,43.9,2.38,2,,25,28,36,43,50
02-26-2024,Blink,BAE800232,16.64 kW AC,2024-02-26 7:35:10 AM EST,2024-02-26 2:08:48 PM EST,3:40:40,34.3552,$6.87,92.4,7.4,-,0,34.4,2.69,2,,16,25,36,46,57
02-27-2024,Blink,BAE800231,16.64 kW AC,2024-02-27 7:43:21 AM EST,2024-02-27 11:58:45 AM EST,3:48:03,36.3424,$7.27,105.6,6.9,-,0,36.3,2.91,2,,16,27,38,49,64
02-29-2024,Blink,BAE800231,16.64 kW AC,2024-02-29 7:35:30 AM EST,2024-02-29 4:43:37 PM EST,7:11:03,66.6488,$13.22,167.3,7.9,-,0,66.6,2.51,2,,16,29,40,52,64
03-01-2024,Blink,BAE800231,16.64 kW AC,2024-03-01 7:33:00 AM EST,2024-03-01 11:14:25 AM EST,2:55:56,27.3417,$5.47,77.6,7.0,-,0,27.3,2.84,3,,21,30,41,53,64
03-04-2024,Blink,BAE800231,16.64 kW AC,2024-03-04 8:01:43 AM EST,2024-03-04 5:39:31 PM EST,5:59:23,56.2350,$11.25,158.3,7.1,-,0,56.2,2.81,3,,21,32,41,50,60
03-06-2024,Blink,BAE800231,16.64 kW AC,2024-03-06 7:53:26 AM EST,2024-03-06 4:18:05 PM EST,5:31:50,51.3704,$9.97,162.9,6.1,-,0,51.4,3.17,3,,34,39,46,53,60
03-07-2024,Blink,BAE800231,16.64 kW AC,2024-03-07 7:37:16 AM EST,2024-03-07 11:16:17 AM EST,3:02:11,28.9431,$5.79,91.5,6.3,-,0,28.9,3.16,3,,37,41,46,52,60
03-11-2024,Blink,BAE800231,16.64 kW AC,2024-03-11 7:54:21 AM EDT,2024-03-11 1:54:57 PM EDT,5:42:22,53.1837,$10.64,154.5,6.9,-,0,53.2,2.91,3,,30,37,42,46,48
03-12-2024,Blink,BAE800231,16.64 kW AC,2024-03-12 7:41:27 AM EDT,2024-03-12 12:16:22 PM EDT,3:09:48,30.1442,$6.03,86.6,7.0,-,0,30.1,2.87,3,,30,36,42,48,57
03-13-2024,Charge Point,CP247STAT,6.48 kW AC,2024-03-13 6:47:00 PM EDT,2024-03-13 7:14:00 PM EDT,0:27:00,2.7935,$0.00,0.0,0.0,+,0,2.8,---,3,,30,36,43,50,57
03-14-2024,Blink,BAE800231,16.64 kW AC,2024-03-14 8:00:00 AM EDT,2024-03-14 4:00:00 PM EDT,8:00:00,51.0600,$10.21,164.1,6.2,-,1,53.9,3.05,3,,32,37,45,53,62
03-15-2024,Blink,BAE800231,16.64 kW AC,2024-03-15 7:45:44 AM EDT,2024-03-15 1:56:40 PM EDT,2:37:37,24.6305,$4.93,76.4,6.5,-,0,24.6,3.10,3,,32,37,45,54,62
03-18-2024,Blink,BAE800231,16.64 kW AC,2024-03-18 7:49:44 AM EDT,2024-03-18 4:35:26 PM EDT,5:06:13,47.2121,$9.42,137.3,6.9,-,0,47.2,2.91,3,,36,40,47,56,62
03-20-2024,Blink,BAE800231,16.64 kW AC,2024-03-20 7:40:05 AM EDT,2024-03-20 6:05:23 PM EDT,6:00:43,55.3704,$11.07,171.9,6.4,-,0,55.4,3.10,3,,35,39,45,54,60
03-20-2024,Charge Point,CP247STAT,6.48 kW AC,2024-03-20 6:40:00 PM EDT,2024-03-20 7:16:00 PM EDT,0:36:00,3.6705,$0.00,0.0,0.0,+,0,3.7,---,3,,35,39,45,54,60
03-21-2024,Blink,BAE800232,16.64 kW AC,2024-03-21 7:28:45 AM EDT,2024-03-21 11:07:05 AM EDT,2:37:59,24.2271,$4.85,85.8,5.7,-,1,27.9,3.08,3,,30,37,43,51,60
03-25-2024,Blink,BAE800231,16.64 kW AC,2024-03-25 7:49:23 AM EDT,2024-03-25 1:20:38 PM EDT,4:52:44,45.7583,$9.15,134.0,6.8,-,0,45.8,2.93,3,,26,31,37,43,45
03-27-2024,Blink,BAE800231,16.64 kW AC,2024-03-27 7:18:32 AM EDT,2024-03-27 6:32:49 PM EDT,5:52:28,55.8391,$11.17,164.9,6.8,-,0,55.8,2.95,3,,29,35,40,46,57
03-29-2024,Blink,BAE800231,16.64 kW AC,2024-03-29 7:56:33 AM EDT,2024-03-29 3:01:05 PM EDT,5:47:37,54.9383,$10.99,161.6,6.8,-,0,54.9,2.94,3,,34,39,44,49,57
04-02-2024,Blink,BAE800231,16.64 kW AC,2024-04-02 7:48:32 AM EDT,2024-04-02 3:34:35 PM EDT,6:14:20,59.5941,$11.92,192.9,6.2,-,0,59.6,3.24,4,,38,40,47,55,60
04-04-2024,Blink,BAE800231,16.64 kW AC,2024-04-04 8:01:57 AM EDT,2024-04-04 5:19:39 PM EDT,6:10:58,58.9813,$11.80,167.4,7.0,-,0,59.0,2.84,4,,37,39,45,50,60
04-08-2024,Blink,BAE800232,16.64 kW AC,2024-04-08 7:44:22 AM EDT,2024-04-08 1:34:34 PM EDT,5:19:32,49.3835,$9.88,130.5,7.6,-,0,49.4,2.64,4,,33,36,43,50,67
04-10-2024,Blink,BAE800231,16.64 kW AC,2024-04-10 7:49:46 AM EDT,2024-04-10 1:37:19 PM EDT,5:26:36,51.5503,$10.31,163.5,6.3,-,0,51.6,3.17,4,,33,38,49,59,67
04-10-2024,Charge Point,CP247STAT,6.48 kW AC,2024-04-10 6:22:00 PM EDT,2024-04-10 7:01:00 PM EDT,0:39:00,4.0181,$0.00,0.0,0.0,+,0,4.0,---,4,,33,38,49,59,67
04-12-2024,Blink,BAE800231,16.64 kW AC,2024-04-12 7:42:06 AM EDT,2024-04-12 5:21:30 PM EDT,5:09:19,48.4947,$9.70,175.5,5.5,-,1,52.5,3.34,4,,33,43,54,64,67
04-16-2024,Blink,BAE800232,16.64 kW AC,2024-04-16 7:49:32 AM EDT,2024-04-16 3:04:42 PM EDT,5:54:21,55.5697,$11.11,174.8,6.4,-,0,55.6,3.15,4,,43,47,57,65,75
04-18-2024,Blink,BAE800231,16.64 kW AC,2024-04-18 7:36:38 AM EDT,2024-04-18 2:10:02 PM EDT,4:44:10,44.2512,$8.85,153.1,5.8,-,0,44.3,3.46,4,,43,45,55,64,75
04-22-2024,Blink,BAE800231,16.64 kW AC,2024-04-22 7:46:56 AM EDT,2024-04-22 12:21:19 PM EDT,3:56:33,37.2570,$7.45,115.7,6.4,-,0,37.3,3.11,4,,32,41,50,57,61
04-24-2024,Blink,BAE800231,16.64 kW AC,2024-04-24 7:37:43 AM EDT,2024-04-24 1:16:09 PM EDT,5:00:34,47.4215,$9.48,154.8,6.1,-,0,47.4,3.26,4,,32,38,49,61,66
04-26-2024,Electrify America,200001-02,350 kW DC,2024-04-26 7:35:00 AM EDT,2024-04-26 8:06:00 AM EDT,0:31:00,50.3940,$0.00,0.0,0.0,?,0,50.4,---,4,,30,34,46,61,66
04-29-2024,Blink,BAE800231,16.64 kW AC,2024-04-29 7:43:19 AM EDT,2024-04-29 3:15:39 PM EDT,5:10:38,49.0824,$9.82,131.2,7.5,-,0,49.1,2.67,4,,30,39,52,65,73
05-06-2024,Blink,BAE800232,16.64 kW AC,2024-05-06 7:32:59 AM EDT,2024-05-06 12:39:47 PM EDT,4:53:58,45.5118,$9.10,159.5,5.7,-,0,45.5,3.50,5,,42,47,53,65,77
05-07-2024,Charge Point,CP13516401,6.6 kW AC,2024-05-07 4:28:24 PM EDT,2024-05-07 9:24:19 PM EDT,4:55:56,29.6333,$0.00,0.0,0.0,+,0,29.6,---,5,,42,47,54,66,81
05-10-2024,Charge Point,CP13516401,6.6 kW AC,2024-05-09 9:25:58 PM EDT,2024-05-10 6:13:01 AM EDT,8:47:04,49.5336,$0.00,0.0,0.0,+,1,79.2,---,5,,47,49,57,70,81
05-12-2024,Charge Point,CP13516401,6.6 kW AC,2024-05-12 12:40:03 PM EDT,2024-05-12 8:35:23 PM EDT,7:55:21,42.0937,$0.00,416.7,0.0,-,2,121.3,3.44,5,,38,45,53,62,66
05-15-2024,Charge Point,CP13516401,6.6 kW AC,2024-05-14 8:37:42 PM EDT,2024-05-15 6:37:15 AM EDT,9:59:33,49.2315,$0.00,167.5,0.0,-,0,49.2,3.40,5,,38,46,57,68,78
05-18-2024,Charge Point,CP13516401,6.6 kW AC,2024-05-18 7:33:03 AM EDT,2024-05-18 5:18:12 PM EDT,9:45:09,55.5898,$0.00,200.0,0.0,-,0,55.6,3.60,5,,52,55,61,69,78
05-22-2024,Charge Point,CP13516401,6.6 kW AC,2024-05-21 8:42:01 PM EDT,2024-05-22 6:28:40 AM EDT,9:46:39,55.7408,$0.00,191.4,0.0,-,0,55.7,3.43,5,,52,54,63,73,90
05-26-2024,Charge Point,CP13516401,6.6 kW AC,2024-05-26 8:10:04 AM EDT,2024-05-26 5:48:48 PM EDT,9:38:44,54.4282,$0.00,199.3,0.0,-,0,54.4,3.66,5,,51,56,69,84,90
05-30-2024,Charge Point,CP13516401,6.6 kW AC,2024-05-30 4:50:15 PM EDT,2024-05-30 10:15:53 PM EDT,5:25:39,32.5659,$0.00,0.0,0.0,+,0,32.6,---,5,,50,60,68,77,83
05-31-2024,Charge Point,CP13516401,6.6 kW AC,2024-05-31 4:37:42 PM EDT,2024-05-31 7:06:16 PM EDT,2:28:35,14.8870,$0.00,0.0,0.0,+,1,47.5,---,5,,48,58,66,76,83
06-02-2024,Charge Point,CP13516401,6.6 kW AC,2024-06-02 7:42:00 AM EDT,2024-06-02 4:39:27 PM EDT,8:57:27,48.7344,$0.00,340.4,0.0,-,2,96.2,3.54,6,,48,51,64,77,85
06-06-2024,Charge Point,CP13516401,6.6 kW AC,2024-06-05 6:18:28 PM EDT,2024-06-06 5:35:27 AM EDT,11:16:59,66.6349,$0.00,241.6,0.0,-,0,66.6,3.63,6,,50,57,69,82,86
06-08-2024,Charge Point,CP13516401,6.6 kW AC,2024-06-08 9:32:50 AM EDT,2024-06-08 2:57:35 PM EDT,5:24:46,32.3011,$0.00,0.0,0.0,+,0,32.3,---,6,,54,60,70,80,86
06-12-2024,Charge Point,CP13516401,6.6 kW AC,2024-06-11 6:05:35 PM EDT,2024-06-12 5:50:58 AM EDT,11:45:23,62.0350,$0.00,340.4,0.0,-,1,94.3,3.61,6,,52,57,67,76,79
06-14-2024,Charge Point,CP13516401,6.6 kW AC,2024-06-14 8:10:14 AM EDT,2024-06-14 1:51:43 PM EDT,5:41:30,33.5321,$0.00,0.0,0.0,+,0,33.5,---,6,,52,57,68,80,85
06-15-2024,Charge Point,CP13516401,6.6 kW AC,2024-06-15 8:25:27 AM EDT,2024-06-15 11:42:02 AM EDT,3:16:35,11.9026,$0.00,168.0,0.0,-,1,45.4,3.70,6,,52,57,68,80,85
07-03-2024,Charge Point,CP13516401,6.6 kW AC,2024-07-03 7:35:02 AM EDT,2024-07-03 8:43:02 AM EDT,1:08:01,0.6492,$0.00,0.0,0.0,+,0,0.6,---,7,,53,60,70,83,88
07-03-2024,Charge Point,CP13516401,6.6 kW AC,2024-07-03 8:48:56 AM EDT,2024-07-03 1:10:58 PM EDT,4:22:02,25.6502,$0.00,0.0,0.0,+,1,26.3,---,7,,53,60,70,83,88
07-04-2024,Charge Point,CP13516401,6.6 kW AC,2024-07-04 11:43:36 AM EDT,2024-07-04 7:07:58 PM EDT,7:24:22,40.0076,$0.00,196.7,0.0,-,2,66.3,2.97,7,,53,60,71,85,88
07-09-2024,Charge Point,CP13516401,6.6 kW AC,2024-07-09 6:53:13 PM EDT,2024-07-09 9:28:36 PM EDT,2:35:24,15.4915,$0.00,0.0,0.0,+,0,15.5,---,7,,69,72,78,89,94
07-10-2024,Charge Point,CP13516401,6.6 kW AC,2024-07-10 5:40:45 PM EDT,2024-07-10 9:53:58 PM EDT,4:13:13,25.1986,$0.00,0.0,0.0,+,1,40.7,---,7,,69,73,79,89,94
07-11-2024,Charge Point,CP13516401,6.6 kW AC,2024-07-11 6:05:19 PM EDT,2024-07-11 10:00:27 PM EDT,3:55:08,23.7252,$0.00,0.0,0.0,+,2,64.4,---,7,,69,73,80,91,94
07-13-2024,Charge Point,CP13516401,6.6 kW AC,2024-07-12 6:14:15 PM EDT,2024-07-13 7:07:37 AM EDT,12:53:21,42.9401,$0.00,396.5,0.0,-,3,107.4,3.69,7,,70,73,80,89,91
07-13-2024,Charge Point,CP13516401,6.6 kW AC,2024-07-13 12:58:33 PM EDT,2024-07-13 9:26:44 PM EDT,8:28:11,50.9524,$0.00,0.0,0.0,+,0,51.0,---,7,,70,73,80,89,91
07-15-2024,Charge Point,CP13516401,6.6 kW AC,2024-07-15 6:32:38 PM EDT,2024-07-15 10:06:38 PM EDT,3:34:01,21.3065,$0.00,0.0,0.0,+,1,72.3,---,7,,69,71,80,90,95
07-16-2024,Charge Point,CP13516401,6.6 kW AC,2024-07-16 7:02:25 PM EDT,2024-07-16 10:02:55 PM EDT,3:00:31,17.9780,$0.00,0.0,0.0,+,2,90.2,---,7,,69,71,80,91,95
07-18-2024,Charge Point,CP13516401,6.6 kW AC,2024-07-17 9:18:43 PM EDT,2024-07-18 7:19:24 AM EDT,10:00:41,41.8046,$0.00,449.0,0.0,-,3,132.0,3.40,7,,67,70,80,92,95
07-20-2024,Charge Point,CP13516401,6.6 kW AC,2024-07-20 7:48:03 AM EDT,2024-07-20 4:06:41 PM EDT,8:18:37,48.2985,$0.00,175.6,0.0,-,0,48.3,3.64,7,,58,66,77,89,95
07-23-2024,Charge Point,CP13516401,6.6 kW AC,2024-07-23 5:26:24 PM EDT,2024-07-23 10:25:46 PM EDT,4:59:22,30.0466,$0.00,0.0,0.0,+,0,30.0,---,7,,58,64,74,85,88
07-24-2024,Charge Point,CP13516401,6.6 kW AC,2024-07-24 5:39:46 PM EDT,2024-07-24 9:49:09 PM EDT,4:09:25,24.8206,$0.00,0.0,0.0,+,1,54.9,---,7,,58,65,73,82,88
07-26-2024,Charge Point,CP13516401,6.6 kW AC,2024-07-26 8:51:59 AM EDT,2024-07-26 1:53:30 PM EDT,5:01:31,28.1771,$0.00,308.6,0.0,-,2,83.0,3.72,7,,58,65,72,81,87
07-29-2024,Charge Point,CP13516401,6.6 kW AC,2024-07-29 6:39:30 PM EDT,2024-07-29 10:32:38 PM EDT,3:53:08,23.1969,$0.00,0.0,0.0,+,0,23.2,---,7,,55,61,70,83,87
08-01-2024,Charge Point,CP13516401,6.6 kW AC,2024-07-31 8:30:12 PM EDT,2024-08-01 7:16:52 AM EDT,10:46:38,64.5623,$0.00,0.0,0.0,+,1,87.8,---,8,,57,68,75,85,93
08-03-2024,Charge Point,CP13516401,6.6 kW AC,2024-08-02 5:26:05 PM EDT,2024-08-03 7:14:22 AM EDT,13:48:17,54.0024,$0.00,503.4,0.0,-,2,141.8,3.55,8,,68,72,80,91,95
08-05-2024,Charge Point,CP13516401,6.6 kW AC,2024-08-05 6:16:33 PM EDT,2024-08-05 10:16:53 PM EDT,4:00:20,23.9707,$0.00,0.0,0.0,+,0,24.0,---,8,,66,71,79,92,95
08-07-2024,Charge Point,CP13516401,6.6 kW AC,2024-08-06 7:17:06 PM EDT,2024-08-07 5:49:59 AM EDT,10:32:53,50.2047,$0.00,247.4,0.0,-,1,74.2,3.34,8,,57,68,74,84,93
08-07-2024,Charge Point,CP13516401,6.6 kW AC,2024-08-07 5:21:01 PM EDT,2024-08-07 9:14:35 PM EDT,3:53:34,21.8497,$0.00,0.0,0.0,+,0,21.8,---,8,,57,68,74,84,93
08-11-2024,Charge Point,CP13516401,6.6 kW AC,2024-08-11 8:42:45 AM EDT,2024-08-11 1:50:02 PM EDT,5:07:18,29.4172,$0.00,0.0,0.0,+,1,51.3,---,8,,53,60,70,81,88
08-13-2024,Charge Point,CP13516401,6.6 kW AC,2024-08-13 5:48:06 PM EDT,2024-08-13 10:41:33 PM EDT,4:53:27,29.4206,$0.00,0.0,0.0,+,2,80.7,---,8,,56,61,72,84,88
08-15-2024,Charge Point,CP13516401,6.6 kW AC,2024-08-14 9:15:41 PM EDT,2024-08-15 5:49:21 AM EDT,8:33:39,43.5402,$0.00,441.8,0.0,-,3,124.2,3.56,8,,54,56,67,83,87
08-17-2024,Charge Point,CP13516401,6.6 kW AC,2024-08-17 8:55:48 AM EDT,2024-08-17 4:05:14 PM EDT,7:09:25,42.7978,$0.00,0.0,0.0,+,0,42.8,---,8,,54,56,65,82,87
08-19-2024,Charge Point,CP13311951,6.6 kW AC,2024-08-19 5:45:10 PM EDT,2024-08-19 8:33:36 PM EDT,2:48:27,16.3211,$0.00,0.0,0.0,+,1,59.1,---,8,,55,61,68,80,87
08-21-2024,Charge Point,CP13516401,6.6 kW AC,2024-08-20 6:12:44 PM EDT,2024-08-21 5:41:56 AM EDT,11:29:12,51.1329,$0.00,388.1,0.0,-,2,110.3,3.52,8,,53,60,68,77,82
08-23-2024,Charge Point,CP13516401,6.6 kW AC,2024-08-23 8:28:04 AM EDT,2024-08-23 5:43:20 PM EDT,9:15:16,52.0232,$0.00,186.6,0.0,-,0,52.0,3.59,8,,49,55,64,77,83
08-29-2024,Charge Point,CP13516401,6.6 kW AC,2024-08-28 5:44:13 PM EDT,2024-08-29 6:03:21 AM EDT,12:19:07,67.0833,$0.00,0.0,0.0,+,0,67.1,---,8,,50,57,67,84,91
09-04-2024,Charge Point,CP13516401,6.6 kW AC,2024-09-03 7:14:02 PM EDT,2024-09-04 6:32:13 AM EDT,11:18:10,51.3578,$0.00,437.1,0.0,-,1,118.4,3.69,9,,43,55,66,81,84
09-07-2024,Charge Point,CP13311951,6.6 kW AC,2024-09-07 9:21:03 AM EDT,2024-09-07 7:09:16 PM EDT,9:48:12,51.1320,$0.00,188.8,0.0,-,0,51.1,3.69,9,,43,48,61,78,82
09-10-2024,Charge Point,CP13516401,6.6 kW AC,2024-09-10 5:45:39 PM EDT,2024-09-10 8:06:48 PM EDT,2:21:08,14.0059,$0.00,0.0,0.0,+,0,14.0,---,9,,45,50,62,77,80
09-12-2024,Charge Point,CP13516401,6.6 kW AC,2024-09-11 6:00:09 PM EDT,2024-09-12 6:33:07 AM EDT,12:32:58,62.7719,$0.00,280.0,0.0,-,1,76.8,3.65,9,,41,46,59,78,83
09-14-2024,Charge Point,CP13311951,6.6 kW AC,2024-09-14 8:45:08 AM EDT,2024-09-14 12:59:01 PM EDT,4:13:53,24.5900,$0.00,0.0,0.0,+,0,24.6,---,9,,41,48,60,82,85
09-16-2024,Charge Point,CP13516401,6.6 kW AC,2024-09-16 6:04:50 PM EDT,2024-09-16 9:42:42 PM EDT,3:37:52,21.6705,$0.00,0.0,0.0,+,1,46.3,---,9,,43,48,60,83,85
09-18-2024,Charge Point,CP13516401,6.6 kW AC,2024-09-18 5:42:28 PM EDT,2024-09-18 9:43:42 PM EDT,4:01:14,24.0267,$0.00,0.0,0.0,+,2,70.3,---,9,,43,50,60,82,84
09-21-2024,Charge Point,CP13311951,6.6 kW AC,2024-09-21 7:07:06 AM EDT,2024-09-21 4:03:08 PM EDT,8:56:01,51.7020,$0.00,0.0,0.0,+,3,122.0,---,9,,49,58,63,74,84
09-27-2024,Charge Point,CP13311951,6.6 kW AC,2024-09-27 4:37:34 PM EDT,2024-09-27 9:14:15 PM EDT,4:36:41,26.8560,$0.00,0.0,0.0,+,4,148.8,---,9,,53,56,63,70,80
09-28-2024,Charge Point,CP13311951,6.6 kW AC,2024-09-28 8:22:34 AM EDT,2024-09-28 2:25:57 PM EDT,6:03:23,34.7999,$0.00,0.0,0.0,+,5,183.6,---,9,,53,57,63,72,80
09-29-2024,Charge Point,CP13311921,6.6 kW AC,2024-09-29 9:28:56 AM EDT,2024-09-29 11:58:27 AM EDT,2:29:31,9.8904,$0.00,699.6,0.0,-,6,193.5,3.61,9,,49,56,62,72,80
10-01-2024,Charge Point,CP13311951,6.6 kW AC,2024-10-01 5:39:23 PM EDT,2024-10-01 9:00:45 PM EDT,3:21:23,19.6199,$0.00,0.0,0.0,+,0,19.6,---,10,,46,51,59,73,80
10-02-2024,Charge Point,CP13516401,6.6 kW AC,2024-10-02 4:08:06 PM EDT,2024-10-02 9:12:48 PM EDT,5:04:43,30.5345,$0.00,0.0,0.0,+,1,50.2,---,10,,46,49,56,71,75
10-03-2024,Charge Point,CP13311951,6.6 kW AC,2024-10-03 5:53:01 PM EDT,2024-10-03 9:03:38 PM EDT,3:10:37,18.4534,$0.00,0.0,0.0,+,2,68.6,---,10,,42,46,54,71,75
10-05-2024,Charge Point,CP13311951,6.6 kW AC,2024-10-05 9:13:23 AM EDT,2024-10-05 4:11:45 PM EDT,6:58:21,36.5810,$0.00,378.5,0.0,-,3,105.2,3.60,10,,42,45,55,73,76
10-07-2024,Charge Point,CP13311951,6.6 kW AC,2024-10-07 5:43:23 PM EDT,2024-10-07 8:13:43 PM EDT,2:30:21,14.4966,$0.00,0.0,0.0,+,0,14.5,---,10,,37,42,53,72,76
10-09-2024,Charge Point,CP13311951,6.6 kW AC,2024-10-09 5:35:32 AM EDT,2024-10-09 7:20:43 AM EDT,1:45:12,10.1371,$0.00,0.0,0.0,+,1,24.6,---,10,,37,40,51,69,76
10-09-2024,Charge Point,CP13516401,6.6 kW AC,2024-10-09 6:10:13 PM EDT,2024-10-09 9:31:14 PM EDT,3:21:02,20.0911,$0.00,0.0,0.0,+,2,44.7,---,10,,37,40,51,69,76
10-10-2024,Charge Point,CP13311951,6.6 kW AC,2024-10-10 6:43:20 PM EDT,2024-10-10 8:04:36 PM EDT,1:21:16,7.8785,$0.00,0.0,0.0,+,3,52.6,---,10,,37,41,51,66,70
10-12-2024,Charge Point,CP13516401,6.6 kW AC,2024-10-12 10:23:07 AM EDT,2024-10-12 9:00:49 PM EDT,10:37:41,52.6069,$0.00,373.7,0.0,-,4,105.2,3.55,10,,34,38,52,68,74
10-14-2024,Charge Point,CP13311951,6.6 kW AC,2024-10-14 4:57:16 PM EDT,2024-10-14 8:15:30 PM EDT,3:18:15,19.3227,$0.00,0.0,0.0,+,0,19.3,---,10,,28,37,51,63,74
10-15-2024,Charge Point,CP13311951,6.6 kW AC,2024-10-15 5:52:50 AM EDT,2024-10-15 7:18:45 AM EDT,1:25:56,8.0433,$0.00,0.0,0.0,+,1,27.4,---,10,,28,35,50,62,74
10-15-2024,Charge Point,CP13311951,6.6 kW AC,2024-10-15 6:43:16 PM EDT,2024-10-15 9:52:49 PM EDT,3:09:33,18.3113,$0.00,0.0,0.0,+,2,45.7,---,10,,28,35,50,62,74
10-16-2024,Charge Point,CP13311951,6.6 kW AC,2024-10-16 6:14:49 AM EDT,2024-10-16 6:51:34 AM EDT,0:36:45,3.5026,$0.00,0.0,0.0,+,3,49.2,---,10,,28,34,49,60,74
10-17-2024,Charge Point,CP13311951,6.6 kW AC,2024-10-17 6:22:52 AM EDT,2024-10-17 7:02:09 AM EDT,0:39:16,3.7241,$0.00,0.0,0.0,+,4,52.9,---,10,,26,32,45,56,59
10-17-2024,Charge Point,CP13516401,6.6 kW AC,2024-10-17 5:03:50 PM EDT,2024-10-17 9:38:23 PM EDT,4:34:33,27.2766,$0.00,0.0,0.0,+,5,80.2,---,10,,26,32,45,56,59
10-18-2024,Charge Point,CP13516401,6.6 kW AC,2024-10-18 4:52:38 PM EDT,2024-10-18 9:39:01 PM EDT,4:46:23,28.7586,$0.00,0.0,0.0,+,6,108.9,---,10,,26,33,45,58,62
10-19-2024,Charge Point,CP13311921,6.6 kW AC,2024-10-19 11:15:30 AM EDT,2024-10-19 12:45:55 PM EDT,1:30:25,7.0155,$0.00,0.0,0.0,+,7,116.0,---,10,,26,30,42,62,74
10-21-2024,Charge Point,CP13311951,6.6 kW AC,2024-10-21 6:04:32 PM EDT,2024-10-21 9:31:07 PM EDT,3:26:36,20.0210,$0.00,0.0,0.0,+,8,136.0,---,10,,26,30,43,71,85
10-22-2024,Charge Point,CP13516401,6.6 kW AC,2024-10-22 5:43:52 PM EDT,2024-10-22 8:04:48 PM EDT,2:20:56,9.9633,$0.00,477.7,0.0,-,9,145.9,3.27,10,,28,34,46,76,85
10-23-2024,Charge Point,CP13516401,6.6 kW AC,2024-10-23 5:57:02 PM EDT,2024-10-23 9:18:29 PM EDT,3:21:28,19.9796,$0.00,0.0,0.0,+,0,20.0,---,10,,28,37,49,79,85
10-24-2024,Charge Point,CP13311951,6.6 kW AC,2024-10-24 6:14:12 PM EDT,2024-10-24 9:04:27 PM EDT,2:50:16,16.6086,$0.00,0.0,0.0,+,1,36.6,---,10,,30,41,53,79,85
10-25-2024,Charge Point,CP13516401,6.6 kW AC,2024-10-25 5:06:22 PM EDT,2024-10-25 9:44:42 PM EDT,4:38:21,27.5672,$0.00,0.0,0.0,+,2,64.2,---,10,,36,42,55,76,85
10-27-2024,Charge Point,CP13311951,6.6 kW AC,2024-10-27 8:12:13 AM EDT,2024-10-27 1:10:41 PM EDT,4:58:27,21.2995,$0.00,308.0,0.0,-,3,85.5,3.60,10,,29,39,52,68,80
10-28-2024,Charge Point,CP13516401,6.6 kW AC,2024-10-28 6:27:11 AM EDT,2024-10-28 7:06:37 AM EDT,0:39:27,3.7316,$0.00,0.0,0.0,+,0,3.7,---,10,,27,35,49,63,73
10-29-2024,Charge Point,CP13516401,6.6 kW AC,2024-10-29 6:24:29 AM EDT,2024-10-29 7:18:01 AM EDT,0:53:32,5.1769,$0.00,0.0,0.0,+,1,8.9,---,10,,27,31,47,60,68
10-29-2024,Charge Point,CP13311921,6.6 kW AC,2024-10-29 5:21:43 PM EDT,2024-10-29 9:03:42 PM EDT,3:41:59,17.2782,$0.00,0.0,0.0,+,2,26.2,---,10,,27,31,47,60,68
10-30-2024,Charge Point,CP13516401,6.6 kW AC,2024-10-30 5:56:41 PM EDT,2024-10-30 10:42:30 PM EDT,4:45:50,28.6218,$0.00,0.0,0.0,+,3,54.8,---,10,,27,34,49,62,75
11-01-2024,Charge Point,CP13516401,6.6 kW AC,2024-11-01 9:35:59 AM EDT,2024-11-01 6:31:52 PM EDT,8:55:53,47.9077,$0.00,346.6,0.0,-,4,102.7,3.37,11,80%,27,40,54,69,81
11-04-2024,Charge Point,CP13311951,6.6 kW AC,2024-11-04 6:15:29 AM EST,2024-11-04 6:53:31 AM EST,0:38:03,3.5480,$0.00,0.0,0.0,+,0,3.5,---,11,,22,35,50,64,81
11-05-2024,Charge Point,CP13311951,6.6 kW AC,2024-11-05 6:25:19 AM EST,2024-11-05 7:02:01 AM EST,0:36:42,3.4947,$0.00,0.0,0.0,+,1,7.0,---,11,,22,36,51,64,81
11-05-2024,Charge Point,CP13516401,6.6 kW AC,2024-11-05 5:31:44 PM EST,2024-11-05 8:07:58 PM EST,2:36:14,15.6141,$0.00,0.0,0.0,+,2,22.7,---,11,,22,36,51,64,81
11-06-2024,Charge Point,CP13311951,6.6 kW AC,2024-11-06 5:56:57 PM EST,2024-11-06 10:14:44 PM EST,4:17:48,24.9338,$0.00,0.0,0.0,+,3,47.6,---,11,,22,37,52,64,83
11-09-2024,Charge Point,CP13311951,6.6 kW AC,2024-11-09 7:16:29 AM EST,2024-11-09 4:21:17 PM EST,9:04:47,42.6589,$0.00,0.0,0.0,+,4,90.2,---,11,,26,40,57,71,83
11-11-2024,Charge Point,CP13311921,6.6 kW AC,2024-11-11 5:23:25 PM EST,2024-11-11 9:37:16 PM EST,4:13:52,19.8441,$0.00,0.0,0.0,+,5,110.1,---,11,,22,34,51,65,72
11-12-2024,Charge Point,CP13516401,6.6 kW AC,2024-11-12 6:43:54 PM EST,2024-11-12 10:14:18 PM EST,3:30:25,20.9882,$0.00,0.0,0.0,+,6,131.1,---,11,,22,33,49,61,70
11-13-2024,Charge Point,CP13311951,6.6 kW AC,2024-11-13 6:29:20 AM EST,2024-11-13 7:03:02 AM EST,0:33:42,3.1740,$0.00,0.0,0.0,+,7,134.3,---,11,,22,32,46,57,70
11-13-2024,Charge Point,CP13311951,6.6 kW AC,2024-11-13 5:58:41 PM EST,2024-11-13 10:03:32 PM EST,4:04:52,23.9162,$0.00,0.0,0.0,+,8,158.2,---,11,,22,32,46,57,70
11-14-2024,Charge Point,CP13516401,6.6 kW AC,2024-11-14 6:35:26 AM EST,2024-11-14 7:09:54 AM EST,0:34:28,3.3485,$0.00,0.0,0.0,+,9,161.5,---,11,,22,31,45,56,70
11-15-2024,Charge Point,CP13516401,6.6 kW AC,2024-11-15 1:40:09 PM EST,2024-11-15 10:13:05 PM EST,8:32:56,50.3132,$0.00,0.0,0.0,+,10,211.8,---,11,,20,31,44,56,70
11-17-2024,Charge Point,CP13516401,6.6 kW AC,2024-11-17 10:01:31 AM EST,2024-11-17 1:52:17 PM EST,3:50:45,14.8482,$0.00,730.6,0.0,-,11,226.7,3.22,11,,20,26,42,57,66
11-18-2024,Charge Point,CP13516401,6.6 kW AC,2024-11-18 6:43:13 AM EST,2024-11-18 7:18:13 AM EST,0:34:59,3.3341,$0.00,0.0,0.0,+,0,3.3,---,11,,20,27,44,60,66
11-18-2024,Charge Point,CP13516401,6.6 kW AC,2024-11-18 4:02:39 PM EST,2024-11-18 8:11:34 PM EST,4:08:56,21.5977,$0.00,0.0,0.0,+,1,24.9,---,11,,20,27,44,60,66
11-19-2024,Charge Point,CP13311951,6.6 kW AC,2024-11-19 6:42:31 PM EST,2024-11-19 10:06:35 PM EST,3:24:04,19.9505,$0.00,0.0,0.0,+,2,44.9,---,11,,20,29,46,63,66
11-20-2024,Charge Point,CP13516401,6.6 kW AC,2024-11-20 6:32:41 AM EST,2024-11-20 7:10:30 AM EST,0:37:51,3.6629,$0.00,0.0,0.0,+,3,48.5,---,11,,24,29,45,62,66
11-21-2024,Charge Point,CP13516401,6.6 kW AC,2024-11-21 5:41:42 AM EST,2024-11-21 6:50:37 AM EST,1:08:56,6.8029,$0.00,0.0,0.0,+,4,55.3,---,11,,24,31,45,59,66
11-22-2024,Charge Point,CP13311951,6.6 kW AC,2024-11-21 6:56:42 PM EST,2024-11-22 6:03:00 AM EST,11:06:17,57.8928,$0.00,361.6,0.0,-,5,113.2,3.19,11,,24,35,45,57,64
12-01-2024,Charge Point,CP13311951,6.6 kW AC,2024-12-01 12:47:18 PM EST,2024-12-01 5:21:15 PM EST,4:33:58,26.6700,$0.00,0.0,0.0,+,0,26.7,---,12,,22,27,36,46,52
12-02-2024,Charge Point,CP13516401,6.6 kW AC,2024-12-02 6:08:15 AM EST,2024-12-02 6:38:50 AM EST,0:30:35,2.8804,$0.00,0.0,0.0,+,1,29.6,---,12,,15,24,35,44,49
12-02-2024,Charge Point,CP13516401,6.6 kW AC,2024-12-02 5:57:27 PM EST,2024-12-02 8:15:53 PM EST,2:18:27,13.8121,$0.00,0.0,0.0,+,2,43.4,---,12,,15,24,35,44,49
12-03-2024,Charge Point,CP13516401,6.6 kW AC,2024-12-03 6:25:18 AM EST,2024-12-03 7:04:29 AM EST,0:39:11,3.8309,$0.00,0.0,0.0,+,3,47.2,---,12,,15,21,32,42,48
12-03-2024,Charge Point,CP13516401,6.6 kW AC,2024-12-03 4:56:11 PM EST,2024-12-03 9:56:12 PM EST,5:00:01,29.9393,$0.00,0.0,0.0,+,4,77.1,---,12,,15,21,32,42,48
12-04-2024,Charge Point,CP13311951,6.6 kW AC,2024-12-04 6:00:18 AM EST,2024-12-04 6:49:59 AM EST,0:49:41,4.6509,$0.00,0.0,0.0,+,5,81.8,---,12,,15,19,31,40,43
12-04-2024,Charge Point,CP13516401,6.6 kW AC,2024-12-04 5:56:29 PM EST,2024-12-04 9:55:08 PM EST,3:58:40,23.7973,$0.00,0.0,0.0,+,6,105.6,---,12,,15,19,31,40,43
12-05-2024,Charge Point,CP13516401,6.6 kW AC,2024-12-05 6:39:02 AM EST,2024-12-05 7:23:08 AM EST,0:44:07,4.3160,$0.00,0.0,0.0,+,7,109.9,---,12,,15,21,31,40,42
12-06-2024,Charge Point,CP13311951,6.6 kW AC,2024-12-05 8:51:43 PM EST,2024-12-06 6:33:08 AM EST,9:41:26,55.7977,$0.00,0.0,0.0,+,8,165.7,---,12,,15,22,31,39,42
12-08-2024,Charge Point,CP13516401,6.6 kW AC,2024-12-08 7:41:28 AM EST,2024-12-08 12:16:36 PM EST,4:35:08,17.3078,$0.00,494.3,0.0,-,9,183.0,2.70,12,,20,27,36,42,52
12-11-2024,Charge Point,CP13311951,6.6 kW AC,2024-12-10 6:41:41 PM EST,2024-12-11 6:08:00 AM EST,11:26:19,59.6375,$0.00,0.0,0.0,+,0,59.6,---,12,,24,31,41,51,65
12-12-2024,Charge Point,CP13311951,6.6 kW AC,2024-12-12 6:42:55 PM EST,2024-12-12 8:04:02 PM EST,1:21:07,7.9306,$0.00,0.0,0.0,+,1,67.6,---,12,,27,32,43,54,65
12-13-2024,Charge Point,CP13311951,6.6 kW AC,2024-12-13 7:32:44 AM EST,2024-12-13 4:56:32 PM EST,9:23:47,51.9890,$0.00,0.0,0.0,+,2,119.6,---,12,,23,30,40,51,65
12-14-2024,Charge Point,CP13516401,6.6 kW AC,2024-12-14 7:15:54 AM EST,2024-12-14 11:03:00 AM EST,3:47:06,16.4661,$0.00,354.4,0.0,-,3,136.0,2.61,12,,18,28,37,48,65
12-16-2024,Charge Point,CP13311951,6.6 kW AC,2024-12-16 6:28:55 AM EST,2024-12-16 6:59:44 AM EST,0:30:50,2.9335,$0.00,0.0,0.0,+,0,2.9,---,12,,14,23,32,43,58
12-16-2024,Charge Point,CP13516401,6.6 kW AC,2024-12-16 5:26:35 PM EST,2024-12-16 8:57:20 PM EST,3:30:46,21.1797,$0.00,0.0,0.0,+,1,24.1,---,12,,14,23,32,43,58
12-17-2024,Charge Point,CP13311951,6.6 kW AC,2024-12-17 6:51:19 PM EST,2024-12-17 9:49:04 PM EST,2:57:45,17.4599,$0.00,0.0,0.0,+,2,41.6,---,12,,14,25,35,44,62
12-19-2024,Charge Point,CP13311951,6.6 kW AC,2024-12-18 5:59:22 PM EST,2024-12-19 6:37:30 AM EST,12:38:09,55.4889,$0.00,282.5,0.0,-,3,97.1,2.91,12,,14,29,40,49,62
12-20-2024,Charge Point,CP13311951,6.6 kW AC,2024-12-20 5:26:50 AM EST,2024-12-20 6:07:06 AM EST,0:40:17,3.8484,$0.00,0.0,0.0,+,0,3.8,---,12,,28,32,41,49,62
12-22-2024,Charge Point,CP13311951,6.6 kW AC,2024-12-22 6:07:18 AM EST,2024-12-22 1:16:29 PM EST,7:09:12,41.8193,$0.00,0.0,0.0,+,1,45.7,---,12,,8,23,30,37,52
12-24-2024,Charge Point,CP13311951,6.6 kW AC,2024-12-24 7:30:47 AM EST,2024-12-24 2:21:05 PM EST,6:50:19,26.6952,$0.00,177.3,0.0,-,2,72.4,2.45,12,,6,15,23,30,36
12-29-2024,Charge Point,CP13311921,6.6 kW AC,2024-12-29 8:28:03 AM EST,2024-12-29 3:39:25 PM EST,7:11:23,22.5477,$0.00,0.0,0.0,+,0,22.5,---,12,,12,22,33,43,55
01-02-2025,Charge Point,CP13516401,6.6 kW AC,2025-01-02 6:47:51 AM EST,2025-01-02 7:15:36 AM EST,0:27:45,2.6694,$0.00,0.0,0.0,+,1,25.2,---,1,,30,38,46,53,60
01-03-2025,Charge Point,CP13311951,6.6 kW AC,2025-01-02 8:47:27 PM EST,2025-01-03 6:51:37 AM EST,10:04:11,57.5070,$0.00,205.9,0.0,-,2,82.7,2.49,1,,27,36,44,50,60
01-05-2025,Charge Point,CP13516401,6.6 kW AC,2025-01-05 8:38:25 AM EST,2025-01-05 5:33:58 PM EST,8:55:34,48.7668,$0.00,0.0,0.0,+,0,48.8,---,1,,24,31,36,41,50
01-06-2025,Charge Point,CP13516401,6.6 kW AC,2025-01-06 6:47:01 AM EST,2025-01-06 6:57:00 AM EST,0:10:00,0.9183,$0.00,0.0,0.0,+,1,49.7,---,1,,20,27,32,36,45
01-07-2025,Charge Point,CP13311951,6.6 kW AC,2025-01-06 8:59:22 PM EST,2025-01-07 6:52:31 AM EST,9:53:10,42.6991,$0.00,0.0,0.0,+,2,92.4,---,1,,16,23,28,33,40
01-08-2025,Charge Point,CP13516401,6.6 kW AC,2025-01-08 6:23:25 AM EST,2025-01-08 6:55:21 AM EST,0:31:58,3.1307,$0.00,0.0,0.0,+,3,95.5,---,1,,16,21,26,31,36
01-09-2025,Charge Point,CP13311951,6.6 kW AC,2025-01-08 6:03:14 PM EST,2025-01-09 6:45:45 AM EST,12:42:32,58.8361,$0.00,367.9,0.0,-,4,154.4,2.38,1,,16,20,25,30,36
01-11-2025,Charge Point,CP13516401,6.6 kW AC,2025-01-11 7:16:02 AM EST,2025-01-11 3:08:41 PM EST,7:52:40,46.8972,$0.00,0.0,0.0,+,0,46.9,---,1,,16,21,27,33,45
01-12-2025,Charge Point,CP13516401,6.6 kW AC,2025-01-12 1:10:11 PM EST,2025-01-12 5:11:13 PM EST,4:01:02,17.7725,$0.00,0.0,0.0,+,1,64.7,---,1,,18,21,28,35,45
01-13-2025,Charge Point,CP13311951,6.6 kW AC,2025-01-13 5:55:10 AM EST,2025-01-13 6:34:23 AM EST,0:39:13,3.6611,$0.00,0.0,0.0,+,2,68.3,---,1,,18,21,29,38,45
01-13-2025,Charge Point,CP13516401,6.6 kW AC,2025-01-13 5:54:12 PM EST,2025-01-13 8:13:19 PM EST,2:19:08,13.8167,$0.00,0.0,0.0,+,3,82.1,---,1,,18,21,29,38,45
01-14-2025,Charge Point,CP13311951,6.6 kW AC,2025-01-14 5:50:22 AM EST,2025-01-14 6:33:11 AM EST,0:42:49,4.0867,$0.00,0.0,0.0,+,4,86.2,---,1,,18,22,30,39,45
01-15-2025,Charge Point,CP13311951,6.6 kW AC,2025-01-14 8:48:38 PM EST,2025-01-15 6:25:45 AM EST,9:37:08,54.0848,$0.00,0.0,0.0,+,5,140.3,---,1,,18,21,29,36,42
01-15-2025,Charge Point,CP13516401,6.6 kW AC,2025-01-15 5:57:54 PM EST,2025-01-15 9:41:44 PM EST,3:43:50,22.4113,$0.00,0.0,0.0,+,6,162.7,---,1,,18,21,29,36,42
01-16-2025,Charge Point,CP13516401,6.6 kW AC,2025-01-16 6:29:28 AM EST,2025-01-16 7:02:20 AM EST,0:32:54,3.2062,$0.00,0.0,0.0,+,7,165.9,---,1,,10,18,28,37,42
01-18-2025,Charge Point,CP13311951,6.6 kW AC,2025-01-18 6:52:24 AM EST,2025-01-18 5:48:36 PM EST,10:56:13,55.2447,$0.00,502.5,0.0,-,8,221.2,2.27,1,,10,16,28,37,46
01-21-2025,Charge Point,CP13311921,6.6 kW AC,2025-01-21 6:11:04 AM EST,2025-01-21 6:54:01 AM EST,0:42:58,3.2154,$0.00,0.0,0.0,+,0,3.2,---,1,,1,13,27,37,47
01-22-2025,Charge Point,CP13311951,6.6 kW AC,2025-01-21 6:43:08 PM EST,2025-01-22 6:27:21 AM EST,11:44:14,56.0299,$0.00,0.0,0.0,+,1,59.2,---,1,,0,10,24,33,47
01-23-2025,Charge Point,CP13311951,6.6 kW AC,2025-01-22 8:18:54 PM EST,2025-01-23 6:42:04 AM EST,10:23:09,44.5722,$0.00,0.0,0.0,+,2,103.8,---,1,,0,9,21,31,47
01-25-2025,Charge Point,CP13516401,6.6 kW AC,2025-01-25 7:09:41 AM EST,2025-01-25 5:52:12 PM EST,10:42:32,63.9238,$0.00,0.0,0.0,+,3,167.7,---,1,,0,4,17,28,34
01-26-2025,Charge Point,CP13516401,6.6 kW AC,2025-01-26 12:19:18 PM EST,2025-01-26 5:51:34 PM EST,5:32:16,24.1111,$0.00,369.0,0.0,-,4,191.9,1.92,1,,0,7,21,32,42
01-27-2025,Charge Point,CP13516401,6.6 kW AC,2025-01-27 6:29:49 AM EST,2025-01-27 6:59:45 AM EST,0:29:57,2.8773,$0.00,0.0,0.0,+,0,2.9,---,1,,5,10,25,36,42
01-28-2025,Charge Point,CP13311921,6.6 kW AC,2025-01-27 7:03:04 PM EST,2025-01-28 6:45:10 AM EST,11:42:05,39.6799,$0.00,0.0,0.0,+,1,42.6,---,1,,5,14,28,38,42
01-29-2025,Charge Point,CP13516401,6.6 kW AC,2025-01-29 6:20:16 AM EST,2025-01-29 6:54:34 AM EST,0:34:19,3.3055,$0.00,0.0,0.0,+,2,45.9,---,1,,5,18,30,41,51
01-30-2025,Charge Point,CP13311951,6.6 kW AC,2025-01-29 6:02:05 PM EST,2025-01-30 6:47:31 AM EST,12:45:26,62.0181,$0.00,0.0,0.0,+,3,107.9,---,1,,14,20,31,41,51
02-01-2025,Charge Point,CP13311921,6.6 kW AC,2025-02-01 7:17:46 AM EST,2025-02-01 4:36:03 PM EST,9:18:16,43.5280,$0.00,0.0,0.0,+,4,151.4,---,2,,16,22,32,40,51
02-05-2025,Charge Point,CP13516401,6.6 kW AC,2025-02-04 6:50:23 PM EST,2025-02-05 6:58:02 AM EST,12:07:40,58.5364,$0.00,515.5,0.0,-,5,209.9,2.46,2,,9,18,30,38,46
02-05-2025,Charge Point,CP13516401,6.6 kW AC,2025-02-05 6:31:20 PM EST,2025-02-05 9:55:40 PM EST,3:24:21,20.4066,$0.00,0.0,0.0,+,0,20.4,---,2,,9,18,30,38,46
02-08-2025,Charge Point,CP13311951,6.6 kW AC,2025-02-08 10:19:35 AM EST,2025-02-08 7:44:12 PM EST,9:24:36,50.0513,$0.00,0.0,0.0,+,1,70.5,---,2,,12,19,31,38,45
02-10-2025,Charge Point,CP13311951,6.6 kW AC,2025-02-10 6:19:30 AM EST,2025-02-10 7:00:39 AM EST,0:41:09,3.8311,$0.00,0.0,0.0,+,2,74.3,---,2,,11,17,29,36,41
02-11-2025,Charge Point,CP13311951,6.6 kW AC,2025-02-10 8:49:18 PM EST,2025-02-11 6:42:24 AM EST,9:53:07,45.2896,$0.00,0.0,0.0,+,3,119.6,---,2,,6,16,28,36,41
02-12-2025,Blink,BAE800230,16.64 kW AC,2025-02-12 7:40:34 AM EST,2025-02-12 2:44:05 PM EST,5:18:55,50.4009,$10.57,403.8,2.6,-,4,170.0,2.38,2,,6,16,28,35,37
02-23-2025,Charge Point,CP13311921,6.6 kW AC,2025-02-23 7:44:56 AM EST,2025-02-23 8:15:09 PM EST,12:30:14,45.4592,$0.00,0.0,0.0,+,0,45.5,---,2,,11,20,28,36,43
02-24-2025,Charge Point,CP13516401,6.6 kW AC,2025-02-24 6:22:08 PM EST,2025-02-24 8:08:48 PM EST,1:46:41,10.5833,$0.00,0.0,0.0,+,1,56.0,---,2,,11,20,30,39,46
02-26-2025,Charge Point,CP13516401,6.6 kW AC,2025-02-25 9:26:45 PM EST,2025-02-26 6:35:54 AM EST,9:09:09,53.8656,$0.00,0.0,0.0,+,2,109.9,---,2,,19,26,38,48,57
02-28-2025,Charge Point,CP13516401,6.6 kW AC,2025-02-27 8:54:03 PM EST,2025-02-28 7:07:42 AM EST,10:13:40,55.4713,$0.00,497.1,0.0,-,3,165.4,3.01,2,,23,31,42,52,57
03-01-2025,Charge Point,CP13516401,6.6 kW AC,2025-03-01 3:54:36 PM EST,2025-03-01 8:34:53 PM EST,4:40:18,28.2020,$0.00,0.0,0.0,+,0,28.2,---,3,,26,31,43,53,57
03-04-2025,Charge Point,CP13516401,6.6 kW AC,2025-03-03 8:54:24 PM EST,2025-03-04 6:45:24 AM EST,9:51:00,48.4912,$0.00,0.0,0.0,+,1,76.7,---,3,,14,23,34,43,52
03-06-2025,Charge Point,CP13516401,6.6 kW AC,2025-03-05 5:56:56 PM EST,2025-03-06 6:56:41 AM EST,12:59:46,59.7299,$0.00,0.0,0.0,+,2,136.4,---,3,,14,27,39,47,59
03-09-2025,Charge Point,CP13516401,6.6 kW AC,2025-03-09 9:42:54 AM EDT,2025-03-09 5:51:18 PM EDT,8:08:25,48.8687,$0.00,0.0,0.0,+,3,185.3,---,3,,30,35,42,47,59
03-12-2025,Charge Point,CP13516401,6.6 kW AC,2025-03-11 11:20:43 PM EDT,2025-03-12 7:09:32 AM EDT,7:48:50,46.6740,$0.00,0.0,0.0,+,4,232.0,---,3,,26,30,41,51,65
03-13-2025,Charge Point,CP13516401,6.6 kW AC,2025-03-12 9:26:23 PM EDT,2025-03-13 6:49:08 AM EDT,9:22:46,42.1018,$0.00,788.9,0.0,-,5,274.1,2.88,3,,26,31,41,52,65
03-16-2025,Charge Point,CP13516401,6.6 kW AC,2025-03-16 11:52:58 AM EDT,2025-03-16 6:49:00 PM EDT,6:56:02,35.8084,$0.00,0.0,0.0,+,0,35.8,---,3,,36,38,47,58,72
03-19-2025,Charge Point,CP13311951,6.6 kW AC,2025-03-18 6:53:26 PM EDT,2025-03-19 7:13:31 AM EDT,12:20:05,52.3164,$0.00,0.0,0.0,+,1,88.1,---,3,,30,38,50,60,72
03-21-2025,Charge Point,CP13516401,6.6 kW AC,2025-03-20 8:50:21 PM EDT,2025-03-21 6:34:44 AM EDT,9:44:23,57.7529,$0.00,0.0,0.0,+,2,145.9,---,3,,30,38,47,55,62
03-23-2025,Charge Point,CP13516401,6.6 kW AC,2025-03-22 9:43:00 PM EDT,2025-03-23 7:43:50 AM EDT,10:00:50,44.0984,$0.00,592.3,0.0,-,3,190.0,3.12,3,,30,36,44,54,64
03-25-2025,Charge Point,CP13516401,6.6 kW AC,2025-03-25 6:20:23 AM EDT,2025-03-25 7:01:57 AM EDT,0:41:34,4.0867,$0.00,0.0,0.0,+,0,4.1,---,3,,29,34,43,52,64
03-26-2025,Charge Point,CP13516401,6.6 kW AC,2025-03-25 6:40:12 PM EDT,2025-03-26 6:41:40 AM EDT,12:01:29,57.5704,$0.00,0.0,0.0,+,1,61.7,---,3,,29,32,42,53,64
03-28-2025,Charge Point,CP13516401,6.6 kW AC,2025-03-27 9:11:26 PM EDT,2025-03-28 7:16:34 AM EDT,10:05:08,58.2813,$0.00,376.4,0.0,-,2,119.9,3.14,3,,29,31,43,54,62
04-01-2025,Charge Point,CP13516401,6.6 kW AC,2025-03-31 9:48:02 PM EDT,2025-04-01 6:33:43 AM EDT,8:45:41,47.8696,$0.00,0.0,0.0,+,0,47.9,---,4,,29,37,47,57,64
04-03-2025,Charge Point,CP13311951,6.6 kW AC,2025-04-02 6:07:11 PM EDT,2025-04-03 6:47:36 AM EDT,12:40:25,58.0058,$0.00,0.0,0.0,+,1,105.9,---,4,,32,37,48,56,67
04-07-2025,Charge Point,CP13516401,6.6 kW AC,2025-04-06 10:12:13 PM EDT,2025-04-07 6:40:23 AM EDT,8:28:11,48.7174,$0.00,503.8,0.0,-,2,154.6,3.26,4,,37,42,50,59,72
04-09-2025,Charge Point,CP13311951,6.6 kW AC,2025-04-08 6:32:05 PM EDT,2025-04-09 6:39:30 AM EDT,12:07:25,62.5148,$0.00,0.0,0.0,+,0,62.5,---,4,,29,36,42,50,55
04-11-2025,Charge Point,CP13516401,6.6 kW AC,2025-04-10 9:36:51 PM EDT,2025-04-11 6:44:33 AM EDT,9:07:42,54.7848,$0.00,0.0,0.0,+,1,117.3,---,4,,26,32,40,49,55
04-13-2025,Charge Point,CP13516401,6.6 kW AC,2025-04-13 11:53:19 AM EDT,2025-04-13 6:23:26 PM EDT,6:30:07,38.7978,$0.00,0.0,0.0,+,2,156.1,---,4,,26,33,40,48,55
04-16-2025,Charge Point,CP13516401,6.6 kW AC,2025-04-15 9:14:07 PM EDT,2025-04-16 6:58:22 AM EDT,9:44:16,58.4947,$0.00,0.0,0.0,+,3,214.6,---,4,,30,39,46,56,71
04-17-2025,Charge Point,CP13516401,6.6 kW AC,2025-04-17 6:19:50 AM EDT,2025-04-17 6:57:24 AM EDT,0:37:35,3.6897,$0.00,0.0,0.0,+,4,218.3,---,4,,30,39,48,60,71
04-18-2025,Charge Point,CP13516401,6.6 kW AC,2025-04-17 9:27:26 PM EDT,2025-04-18 7:35:45 AM EDT,10:08:19,58.3749,$0.00,850.2,0.0,-,5,276.7,3.07,4,,28,37,50,65,71
04-20-2025,Charge Point,CP13516401,6.6 kW AC,2025-04-20 6:01:56 PM EDT,2025-04-20 9:09:34 PM EDT,3:07:39,18.6491,$0.00,0.0,0.0,+,0,18.6,---,4,,28,43,56,68,85
04-22-2025,Charge Point,CP13516401,6.6 kW AC,2025-04-21 9:21:05 PM EDT,2025-04-22 6:48:23 AM EDT,9:27:18,45.9184,$0.00,0.0,0.0,+,1,64.6,---,4,,28,43,58,73,85
04-24-2025,Charge Point,CP13516401,6.6 kW AC,2025-04-23 9:56:57 PM EDT,2025-04-24 6:47:21 AM EDT,8:50:25,52.9568,$0.00,0.0,0.0,+,2,117.5,---,4,,32,44,57,73,77
04-29-2025,Charge Point,CP13516401,6.6 kW AC,2025-04-28 8:52:58 PM EDT,2025-04-29 6:58:50 AM EDT,10:05:52,57.8395,$0.00,544.6,0.0,-,3,175.4,3.11,4,,37,47,61,73,83
05-01-2025,Charge Point,CP13516401,6.6 kW AC,2025-04-30 9:33:21 PM EDT,2025-05-01 6:52:14 AM EDT,9:18:53,54.1299,$0.00,0.0,0.0,+,0,54.1,---,5,,37,44,60,73,81
05-06-2025,Charge Point,CP13516401,6.6 kW AC,2025-05-05 7:32:56 PM EDT,2025-05-06 6:29:56 AM EDT,10:57:00,57.9668,$0.00,408.0,0.0,-,1,112.1,3.64,5,,50,53,61,73,86
05-09-2025,Electrify America,200001-03,350 kW DC,2025-05-09 8:06:00 AM EDT,2025-05-09 8:19:00 AM EDT,0:13:00,25.0000,$0.00,0.0,0.0,+,0,25.0,---,5,,47,51,56,65,76
05-11-2025,Charge Point,CP13516401,6.6 kW AC,2025-05-11 8:06:47 AM EDT,2025-05-11 7:15:30 PM EDT,11:08:42,53.2379,$0.00,252.0,0.0,-,1,78.2,3.22,5,,45,49,57,70,76
05-14-2025,Electrify America,200001-03,350 kW DC,2025-05-14 8:13:00 AM EDT,2025-05-14 8:23:00 AM EDT,0:10:00,20.0420,$0.00,0.0,0.0,+,0,20.0,---,5,,37,45,59,73,77
05-15-2025,Charge Point,CP13311951,6.6 kW AC,2025-05-14 6:22:01 PM EDT,2025-05-15 6:42:05 AM EDT,12:20:04,55.0835,$0.00,270.2,0.0,-,1,75.1,3.60,5,,37,47,61,74,77
05-20-2025,Blink,BAE800222,16.64 kW AC,2025-05-20 8:09:00 AM EDT,2025-05-20 3:01:31 PM EDT,6:52:29,64.7416,$13.44,0.0,0.0,+,0,64.7,---,5,,50,58,63,71,80
05-22-2025,Charge Point,CP13311951,6.6 kW AC,2025-05-21 7:36:29 PM EDT,2025-05-22 6:35:59 AM EDT,10:59:30,41.8101,$0.00,381.7,3.5,-,1,106.6,3.58,5,,46,51,55,60,72
05-25-2025,Charge Point,CP13516401,6.6 kW AC,2025-05-25 11:58:16 AM EDT,2025-05-25 7:30:02 PM EDT,7:31:47,45.3065,$0.00,0.0,0.0,+,0,45.3,---,5,,46,48,52,57,62
05-29-2025,Charge Point,CP13516401,6.6 kW AC,2025-05-28 8:35:05 PM EDT,2025-05-29 6:31:05 AM EDT,9:56:00,55.2653,$0.00,330.3,0.0,-,1,100.6,3.28,5,,45,51,63,72,80
06-01-2025,Charge Point,CP13516401,6.6 kW AC,2025-06-01 9:03:19 AM EDT,2025-06-01 5:17:10 PM EDT,8:13:51,49.0874,$0.00,0.0,0.0,+,0,49.1,---,6,,48,54,63,72,79
06-05-2025,Charge Point,CP13516401,6.6 kW AC,2025-06-04 7:39:33 PM EDT,2025-06-05 6:41:48 AM EDT,11:02:15,66.0320,$0.00,0.0,0.0,+,1,115.1,---,6,,45,50,66,80,95
06-10-2025,Charge Point,CP13516401,6.6 kW AC,2025-06-09 8:54:47 PM EDT,2025-06-10 6:34:50 AM EDT,9:40:02,58.5970,$0.00,0.0,0.0,+,2,173.7,---,6,,55,59,65,72,84
06-12-2025,Charge Point,CP13516401,6.6 kW AC,2025-06-11 8:21:25 PM EDT,2025-06-12 6:42:28 AM EDT,10:21:02,60.2771,$0.00,0.0,0.0,+,3,234.0,---,6,,54,57,65,74,88
06-17-2025,Charge Point,CP13516401,6.6 kW AC,2025-06-16 6:26:50 PM EDT,2025-06-17 6:31:44 AM EDT,12:04:55,54.1232,$0.00,1067.8,0.0,-,4,288.1,3.71,6,,51,57,64,73,78
06-20-2025,Charge Point,CP13516401,6.6 kW AC,2025-06-19 6:51:58 PM EDT,2025-06-20 7:43:44 AM EDT,12:51:45,70.1925,$0.00,261.9,0.0,-,0,70.2,3.73,6,,51,62,71,82,93
06-25-2025,Charge Point,CP13516401,6.6 kW AC,2025-06-24 6:25:39 PM EDT,2025-06-25 6:49:09 AM EDT,12:23:29,69.9808,$0.00,243.9,0.0,-,0,70.0,3.49,6,,57,67,79,95,101
06-28-2025,Charge Point,CP13516401,6.6 kW AC,2025-06-28 8:13:50 AM EDT,2025-06-28 10:34:23 AM EDT,2:20:34,13.8798,$0.00,0.0,0.0,+,0,13.9,---,6,,62,66,74,85,101
06-30-2025,Charge Point,CP13516401,6.6 kW AC,2025-06-29 7:01:18 PM EDT,2025-06-30 6:39:54 AM EDT,11:38:36,52.2454,$0.00,241.9,0.0,-,1,66.1,3.66,6,,58,62,69,82,90
07-04-2025,Charge Point,CP13516401,6.6 kW AC,2025-07-03 9:20:34 PM EDT,2025-07-04 9:05:38 AM EDT,11:45:03,69.3478,$0.00,0.0,0.0,+,0,69.3,---,7,,54,62,72,89,92
07-10-2025,Charge Point,CP13311921,6.6 kW AC,2025-07-09 6:17:38 PM EDT,2025-07-10 6:43:15 AM EDT,12:25:37,58.0858,$0.00,0.0,0.0,+,1,127.4,---,7,,65,69,76,85,93
07-14-2025,Charge Point,CP13516401,6.6 kW AC,2025-07-13 8:19:19 PM EDT,2025-07-14 6:33:27 AM EDT,10:14:08,43.0125,$0.00,618.5,0.0,-,2,170.4,3.63,7,,65,68,73,82,86
07-17-2025,Charge Point,CP13516401,6.6 kW AC,2025-07-16 6:22:48 PM EDT,2025-07-17 6:30:35 AM EDT,12:07:47,71.7623,$0.00,0.0,0.0,+,0,71.8,---,7,,68,70,77,88,93
07-23-2025,Charge Point,CP13516401,6.6 kW AC,2025-07-22 8:19:17 PM EDT,2025-07-23 6:32:54 AM EDT,10:13:37,60.8916,$0.00,0.0,0.0,+,1,132.7,---,7,,49,56,68,82,86
07-29-2025,Charge Point,CP13311951,6.6 kW AC,2025-07-28 6:58:31 PM EDT,2025-07-29 6:41:48 AM EDT,11:43:16,66.6624,$0.00,0.0,0.0,+,2,199.3,---,7,,57,64,74,86,96
08-01-2025,Charge Point,CP13516401,6.6 kW AC,2025-08-01 10:49:07 AM EDT,2025-08-01 10:09:35 PM EDT,11:20:28,66.7255,$0.00,0.0,0.0,+,3,266.0,---,8,,53,62,71,86,96
08-02-2025,Charge Point,CP13516401,6.6 kW AC,2025-08-02 7:10:09 AM EDT,2025-08-02 7:57:42 AM EDT,0:47:34,4.5677,$0.00,0.0,0.0,+,4,270.6,---,8,,46,58,68,83,96
08-02-2025,Charge Point,CP13516401,6.6 kW AC,2025-08-02 1:21:21 PM EDT,2025-08-02 4:58:37 PM EDT,3:37:16,21.4756,$0.00,0.0,0.0,+,5,292.1,---,8,,46,58,68,83,96
08-04-2025,Charge Point,CP13516401,6.6 kW AC,2025-08-03 5:24:07 PM EDT,2025-08-04 6:30:50 AM EDT,13:06:43,52.3878,$0.00,1255.4,0.0,-,6,344.5,3.64,8,,46,53,62,79,84
08-07-2025,Charge Point,CP13311951,6.6 kW AC,2025-08-06 6:29:50 PM EDT,2025-08-07 6:36:27 AM EDT,12:06:36,66.9087,$0.00,253.7,0.0,-,0,66.9,3.79,8,,50,54,62,80,84
08-11-2025,Charge Point,CP13516401,6.6 kW AC,2025-08-10 8:52:48 PM EDT,2025-08-11 6:39:27 AM EDT,9:46:38,41.3299,$0.00,149.7,0.0,-,0,41.3,3.62,8,,48,54,64,86,91
08-14-2025,Electrify America,200001-03,350 kW DC,2025-08-14 7:53:00 AM EDT,2025-08-14 8:04:00 AM EDT,0:11:00,20.8270,$0.00,0.0,0.0,+,0,20.8,---,8,,57,61,73,90,92
08-15-2025,Charge Point,CP13516401,6.6 kW AC,2025-08-15 8:11:59 AM EDT,2025-08-15 7:04:29 PM EDT,10:52:30,63.3336,$0.00,0.0,0.0,+,1,84.2,---,8,,55,61,72,87,92
08-25-2025,Charge Point,CP13311951,6.6 kW AC,2025-08-24 5:53:44 PM EDT,2025-08-25 6:32:17 AM EDT,12:38:34,55.0538,$0.00,491.7,0.0,-,2,139.2,3.53,8,,51,54,66,79,85
08-28-2025,Charge Point,CP13311951,6.6 kW AC,2025-08-27 7:18:22 PM EDT,2025-08-28 7:02:58 AM EDT,11:44:37,67.3690,$0.00,0.0,0.0,+,0,67.4,---,8,,42,50,61,79,83
09-03-2025,Charge Point,CP13516401,6.6 kW AC,2025-09-02 9:35:37 PM EDT,2025-09-03 6:32:16 AM EDT,8:56:39,50.5376,$0.00,441.5,0.0,-,1,117.9,3.74,9,,42,45,55,76,78
09-06-2025,Charge Point,CP13516401,6.6 kW AC,2025-09-05 9:03:01 PM EDT,2025-09-06 9:28:51 AM EDT,12:25:50,70.5618,$0.00,253.5,0.0,-,0,70.6,3.59,9,,44,52,61,80,83
09-10-2025,Charge Point,CP13516401,6.6 kW AC,2025-09-09 8:51:16 PM EDT,2025-09-10 6:38:50 AM EDT,9:47:35,53.7769,$0.00,201.1,0.0,-,0,53.8,3.74,9,,39,50,57,71,83
09-14-2025,Charge Point,CP13516401,6.6 kW AC,2025-09-14 11:48:40 AM EDT,2025-09-14 9:24:20 PM EDT,9:35:41,57.1529,$0.00,0.0,0.0,+,0,57.2,---,9,,40,45,54,74,78
09-17-2025,Charge Point,CP13516401,6.6 kW AC,2025-09-16 8:59:07 PM EDT,2025-09-17 6:34:44 AM EDT,9:35:37,49.0971,$0.00,376.6,0.0,-,1,106.2,3.54,9,,42,46,55,74,78
09-19-2025,Charge Point,CP13516401,6.6 kW AC,2025-09-18 9:39:16 PM EDT,2025-09-19 6:44:20 AM EDT,9:05:04,48.4643,$0.00,178.7,0.0,-,0,48.5,3.69,9,,44,49,58,75,81
09-23-2025,Charge Point,CP13516401,6.6 kW AC,2025-09-22 8:51:25 PM EDT,2025-09-23 6:38:17 AM EDT,9:46:53,57.7436,$0.00,0.0,0.0,+,0,57.7,---,9,,36,44,54,74,81
10-07-2025,Charge Point,CP13516401,6.6 kW AC,2025-10-06 8:09:02 PM EDT,2025-10-07 6:02:03 AM EDT,9:53:01,52.6486,$0.00,403.1,0.0,-,1,110.4,3.65,10,,36,46,55,81,84
10-09-2025,Electrify America,200001-03,350 kW DC,2025-10-09 8:08:00 AM EDT,2025-10-09 8:15:00 AM EDT,0:07:00,12.5920,$0.00,0.0,0.0,+,0,12.6,---,10,,32,46,57,75,84
10-10-2025,Charge Point,CP13516401,6.6 kW AC,2025-10-09 8:42:51 PM EDT,2025-10-10 6:43:58 AM EDT,10:01:07,57.7183,$0.00,0.0,0.0,+,1,70.3,---,10,,28,43,54,70,83
10-10-2025,Charge Point,CP13516401,6.6 kW AC,2025-10-10 6:44:06 AM EDT,2025-10-10 6:51:02 AM EDT,0:06:56,0.6338,$0.00,0.0,0.0,+,2,70.9,---,10,,28,43,54,70,83
10-12-2025,Charge Point,CP13516401,6.6 kW AC,2025-10-12 12:25:47 PM EDT,2025-10-12 6:56:11 PM EDT,6:30:24,38.3851,$0.00,0.0,0.0,+,3,109.3,---,10,,28,39,50,62,70
10-15-2025,Charge Point,CP13516401,6.6 kW AC,2025-10-14 8:47:26 PM EDT,2025-10-15 6:38:57 AM EDT,9:51:31,55.9444,$0.00,572.1,0.0,-,4,165.3,3.46,10,,43,47,53,59,67
10-17-2025,Charge Point,CP13516401,6.6 kW AC,2025-10-16 8:49:04 PM EDT,2025-10-17 6:48:06 AM EDT,9:59:01,45.6108,$0.00,0.0,0.0,+,0,45.6,---,10,,37,46,52,58,62
10-19-2025,Charge Point,CP13516401,6.6 kW AC,2025-10-19 1:14:55 PM EDT,2025-10-19 9:19:25 PM EDT,8:04:29,44.1520,$0.00,316.7,0.0,-,1,89.8,3.53,10,,32,39,48,62,68
10-22-2025,Charge Point,CP13516401,6.6 kW AC,2025-10-21 7:22:42 PM EDT,2025-10-22 6:34:39 AM EDT,11:11:57,50.7866,$0.00,0.0,0.0,+,0,50.8,---,10,,32,44,53,66,68
10-24-2025,Charge Point,CP13516401,6.6 kW AC,2025-10-23 8:51:03 PM EDT,2025-10-24 6:38:39 AM EDT,9:47:38,53.8329,$0.00,0.0,0.0,+,1,104.6,---,10,,34,45,53,64,66
10-27-2025,Charge Point,CP13311951,6.6 kW AC,2025-10-26 6:27:37 PM EDT,2025-10-27 6:23:34 AM EDT,11:55:57,52.3883,$0.00,541.2,0.0,-,2,157.0,3.45,10,,28,33,44,57,62
10-29-2025,Charge Point,CP13516401,6.6 kW AC,2025-10-28 8:48:36 PM EDT,2025-10-29 6:28:34 AM EDT,9:39:59,57.6320,$0.00,0.0,0.0,+,0,57.6,---,10,,28,33,43,53,57
10-31-2025,Charge Point,CP13516401,6.6 kW AC,2025-10-30 5:45:32 PM EDT,2025-10-31 6:46:42 AM EDT,13:01:10,57.3732,$0.00,0.0,0.0,+,1,115.0,---,10,,28,40,47,54,59
11-03-2025,Charge Point,CP13516401,6.6 kW AC,2025-11-02 6:12:22 PM EST,2025-11-03 6:26:15 AM EST,12:13:53,44.7350,$0.00,506.5,0.0,-,2,159.7,3.17,11,,29,39,49,57,59
11-05-2025,Charge Point,CP13516401,6.6 kW AC,2025-11-04 8:49:54 PM EST,2025-11-05 6:26:11 AM EST,9:36:17,57.2260,$0.00,0.0,0.0,+,0,57.2,---,11,,29,32,46,56,58
11-07-2025,Charge Point,CP13516401,6.6 kW AC,2025-11-06 8:47:08 PM EST,2025-11-07 7:08:37 AM EST,10:21:30,56.5720,$0.00,0.0,0.0,+,1,113.8,---,11,,26,30,46,56,58
11-20-2025,Charge Point,CP13516401,6.6 kW AC,2025-11-19 8:08:01 PM EST,2025-11-20 6:24:57 AM EST,10:16:57,43.8648,$0.00,467.5,0.0,-,2,157.7,2.97,11,,20,26,36,47,54
11-21-2025,Blink,BAE800231,16.64 kW AC,2025-11-21 9:03:18 AM EST,2025-11-21 1:48:28 PM EST,4:12:50,39.9030,$8.47,0.0,0.0,+,0,39.9,---,11,,20,24,35,46,47
12-01-2025,Charge Point,CP13516401,6.6 kW AC,2025-11-30 9:41:00 PM EST,2025-12-01 6:21:45 AM EST,8:40:46,38.6054,$0.00,224.6,3.8,-,1,78.5,2.86,12,,20,27,38,46,55
12-02-2025,Charge Point,CP13516401,6.6 kW AC,2025-12-02 6:16:17 PM EST,2025-12-02 7:53:30 PM EST,1:37:13,9.6559,$0.00,0.0,0.0,+,0,9.7,---,12,,20,23,35,43,50
12-03-2025,Charge Point,CP13516401,6.6 kW AC,2025-12-02 8:54:33 PM EST,2025-12-03 7:16:01 AM EST,10:21:28,49.4216,$0.00,0.0,0.0,+,1,59.1,---,12,,20,22,35,42,50
12-04-2025,Charge Point,CP13516401,6.6 kW AC,2025-12-04 6:19:37 AM EST,2025-12-04 6:34:39 AM EST,0:15:04,1.4380,$0.00,0.0,0.0,+,2,60.5,---,12,,18,21,34,41,50
12-05-2025,Charge Point,CP13516401,6.6 kW AC,2025-12-04 5:44:23 PM EST,2025-12-05 6:30:01 AM EST,12:45:39,65.8417,$0.00,0.0,0.0,+,3,126.4,---,12,,11,19,30,37,43
12-07-2025,Charge Point,CP13516401,6.6 kW AC,2025-12-06 8:05:05 PM EST,2025-12-07 8:03:45 AM EST,11:58:41,48.6152,$0.00,428.8,0.0,-,4,175.0,2.45,12,,11,19,29,37,41
12-08-2025,Charge Point,CP13516401,6.6 kW AC,2025-12-08 6:18:19 AM EST,2025-12-08 6:37:57 AM EST,0:19:39,1.8478,$0.00,0.0,0.0,+,0,1.8,---,12,,10,16,27,36,41
12-09-2025,Charge Point,CP13516401,6.6 kW AC,2025-12-08 8:59:48 PM EST,2025-12-09 6:29:26 AM EST,9:29:38,56.9375,$0.00,0.0,0.0,+,1,58.8,---,12,,6,14,25,34,41
12-10-2025,Charge Point,CP13516401,6.6 kW AC,2025-12-09 8:46:41 PM EST,2025-12-10 6:32:15 AM EST,9:45:35,52.4809,$0.00,0.0,0.0,+,2,111.3,---,12,,6,17,29,38,48
12-12-2025,Charge Point,CP13516401,6.6 kW AC,2025-12-11 6:50:20 PM EST,2025-12-12 7:50:36 AM EST,13:00:17,57.8093,$0.00,0.0,0.0,+,3,169.1,---,12,,6,18,29,37,48
12-15-2025,Charge Point,CP13516401,6.6 kW AC,2025-12-15 6:22:18 AM EST,2025-12-15 6:42:48 AM EST,0:20:30,1.9882,$0.00,0.0,0.0,+,4,171.1,---,12,,13,18,28,34,40
12-15-2025,Blink,BAE800231,16.64 kW AC,2025-12-15 3:11:29 PM EST,2025-12-15 5:30:41 PM EST,2:19:10,22.0207,$4.89,0.0,0.0,+,5,193.1,---,12,,13,18,28,34,40
12-16-2025,Charge Point,CP13516401,6.6 kW AC,2025-12-15 8:54:08 PM EST,2025-12-16 6:20:52 AM EST,9:26:44,47.7908,$0.00,0.0,0.0,+,6,240.9,---,12,,12,16,26,33,36
12-18-2025,Charge Point,CP13516401,6.6 kW AC,2025-12-17 7:55:43 PM EST,2025-12-18 6:28:24 AM EST,10:32:41,45.8369,$0.00,643.1,0.8,-,7,286.7,2.24,12,,12,17,29,38,48
12-22-2025,Charge Point,CP13311951,6.6 kW AC,2025-12-21 8:00:46 PM EST,2025-12-22 6:24:53 AM EST,10:24:08,54.5071,$0.00,0.0,0.0,+,0,54.5,---,12,,18,26,37,45,60
12-24-2025,Charge Point,CP13311951,6.6 kW AC,2025-12-24 8:08:24 AM EST,2025-12-24 5:12:14 PM EST,9:03:50,52.5171,$0.00,0.0,0.0,+,1,107.0,---,12,,18,24,33,39,47
01-02-2026,Charge Point,CP13516401,6.6 kW AC,2026-01-02 8:26:09 AM EST,2026-01-02 1:44:49 PM EST,5:18:40,31.3973,$0.00,0.0,0.0,+,2,138.4,---,1,,14,21,28,34,47
01-05-2026,Charge Point,CP13516401,6.6 kW AC,2026-01-04 9:07:39 PM EST,2026-01-05 6:23:37 AM EST,9:15:58,32.7782,$0.00,372.3,0.0,-,3,171.2,2.17,1,,12,16,23,29,31
01-06-2026,Charge Point,CP13516401,6.6 kW AC,2026-01-05 8:57:22 PM EST,2026-01-06 6:16:30 AM EST,9:19:08,44.6263,$0.00,0.0,0.0,+,0,44.6,---,1,,12,18,24,29,34
01-07-2026,Electrify America,200001-02,350 kW DC,2026-01-07 7:28:00 AM EST,2026-01-07 7:38:00 AM EST,0:10:00,12.3530,$0.00,0.0,0.0,+,1,57.0,---,1,,12,22,26,31,36
01-08-2026,Charge Point,CP13516401,6.6 kW AC,2026-01-07 8:17:04 PM EST,2026-01-08 6:17:44 AM EST,10:00:41,57.0074,$0.00,0.0,0.0,+,2,114.0,---,1,,12,23,28,35,47
01-09-2026,Blink,BAE800232,16.64 kW AC,2026-01-09 7:17:12 AM EST,2026-01-09 9:08:40 AM EST,1:51:26,17.4464,$3.98,0.0,0.0,+,3,131.4,---,1,,12,22,29,38,47
01-10-2026,Charge Point,CP13516401,6.6 kW AC,2026-01-10 9:06:32 AM EST,2026-01-10 4:22:49 PM EST,7:16:18,43.2544,$0.00,0.0,0.0,+,4,174.7,---,1,,19,26,34,44,52
01-12-2026,Charge Point,CP13516401,6.6 kW AC,2026-01-11 6:43:28 PM EST,2026-01-12 6:24:24 AM EST,11:40:57,50.0812,$0.00,553.4,0.7,-,5,224.8,2.46,1,,19,27,36,47,52
01-14-2026,Charge Point,CP13516401,6.6 kW AC,2026-01-13 8:18:39 PM EST,2026-01-14 6:20:58 AM EST,10:02:19,60.1792,$0.00,0.0,0.0,+,0,60.2,---,1,,26,32,39,46,52
01-16-2026,Charge Point,CP13516401,6.6 kW AC,2026-01-15 8:08:11 PM EST,2026-01-16 7:45:40 AM EST,11:37:30,58.9188,$0.00,334.5,0.0,-,1,119.1,2.81,1,,19,28,36,44,52
01-20-2026,Blink,BAE800238,16.64 kW AC,2026-01-20 7:16:59 AM EST,2026-01-20 12:37:46 PM EST,5:01:49,47.0246,$9.89,0.0,0.0,+,0,47.0,---,1,,12,21,28,33,39
01-22-2026,Charge Point,CP13516401,6.6 kW AC,2026-01-21 6:42:26 PM EST,2026-01-22 6:37:42 AM EST,11:55:15,67.0465,$0.00,206.8,4.8,-,1,114.1,1.81,1,,4,17,27,35,45
01-24-2026,Charge Point,CP13516401,6.6 kW AC,2026-01-23 8:02:34 PM EST,2026-01-24 6:55:52 AM EST,10:53:18,49.4796,$0.00,109.4,0.0,-,0,49.5,2.21,1,,4,12,22,30,45
01-26-2026,Charge Point,CP13311951,6.6 kW AC,2026-01-26 6:30:33 PM EST,2026-01-26 9:37:09 PM EST,3:06:37,17.9443,$0.00,0.0,0.0,+,0,17.9,---,1,,4,12,21,30,45
01-27-2026,Blink,BAE800222,16.64 kW AC,2026-01-27 7:38:28 AM EST,2026-01-27 1:52:14 PM EST,5:22:42,49.8149,$10.45,0.0,0.0,+,1,67.8,---,1,,4,9,16,26,34
01-29-2026,Charge Point,CP13311921,6.6 kW AC,2026-01-28 6:55:24 PM EST,2026-01-29 6:31:00 AM EST,11:35:36,54.0343,$0.00,0.0,0.0,+,2,121.8,---,1,,-7,3,14,25,29
01-30-2026,Charge Point,CP13311951,6.6 kW AC,2026-01-29 8:57:10 PM EST,2026-01-30 6:30:20 AM EST,9:33:10,55.7114,$0.00,0.0,0.0,+,3,177.5,---,1,,-7,1,13,22,28
02-02-2026,Charge Point,CP13311951,6.6 kW AC,2026-02-01 7:36:51 PM EST,2026-02-02 6:16:23 AM EST,10:39:31,53.5173,$0.00,0.0,0.0,+,4,231.0,---,2,,-13,-3,12,24,34
02-03-2026,Blink,BAE800222,16.64 kW AC,2026-02-03 7:29:37 AM EST,2026-02-03 2:56:46 PM EST,6:19:27,60.6366,$12.62,0.0,0.0,+,5,291.7,---,2,,-13,-2,12,26,36
02-04-2026,Charge Point,CP13311951,6.6 kW AC,2026-02-04 6:18:10 AM EST,2026-02-04 6:27:57 AM EST,0:09:48,0.8792,$0.00,0.0,0.0,+,6,292.5,---,2,,-13,-1,14,29,36
02-05-2026,Charge Point,CP13311951,6.6 kW AC,2026-02-04 7:56:12 PM EST,2026-02-05 6:27:46 AM EST,10:31:34,52.6716,$0.00,685.8,3.4,-,7,345.2,1.99,2,,-5,1,16,31,36
02-07-2026,Charge Point,CP13516401,6.6 kW AC,2026-02-06 7:29:29 PM EST,2026-02-07 7:33:32 AM EST,12:04:03,59.5627,$26.80,0.0,0.0,+,0,59.6,---,2,,-5,3,17,31,36
02-09-2026,Blink,BAE800222,16.64 kW AC,2026-02-09 7:28:27 AM EST,2026-02-09 12:47:28 PM EST,4:58:02,46.6173,$9.81,0.0,0.0,+,1,106.2,---,2,,-3,2,16,28,33
02-10-2026,Blink,BAE800222,16.64 kW AC,2026-02-10 7:26:53 AM EST,2026-02-10 11:58:09 AM EST,4:31:16,39.9409,$8.48,0.0,0.0,+,2,146.1,---,2,,-3,2,18,28,36
02-11-2026,Blink,BAE800222,16.64 kW AC,2026-02-11 7:29:36 AM EST,2026-02-11 1:05:03 PM EST,3:41:35,35.0776,$7.51,0.0,0.0,+,3,181.2,---,2,,-2,8,22,30,40
02-12-2026,Blink,BAE800222,16.64 kW AC,2026-02-12 7:47:53 AM EST,2026-02-12 12:18:14 PM EST,3:31:18,32.5933,$7.01,0.0,0.0,+,4,213.8,---,2,,-2,12,23,32,40
02-13-2026,Blink,BAE800222,16.64 kW AC,2026-02-13 7:09:12 AM EST,2026-02-13 2:44:22 PM EST,4:09:17,38.5184,$8.19,0.0,0.0,+,5,252.3,---,2,,-2,12,26,36,40
02-16-2026,Blink,BAE800222,16.64 kW AC,2026-02-16 7:06:56 AM EST,2026-02-16 12:29:32 PM EST,5:07:59,49.0394,$10.30,0.0,0.0,+,6,301.3,---,2,,1,12,24,36,39
02-26-2026,Blink,BAE800231,16.64 kW AC,2026-02-26 7:40:13 AM EST,2026-02-26 5:22:30 PM EST,6:35:48,63.1260,$13.12,0.0,0.0,+,7,364.5,---,2,,1,16,28,36,44
02-27-2026,Blink,BAE800222,16.64 kW AC,2026-02-27 7:15:39 AM EST,2026-02-27 3:12:44 PM EST,3:54:54,36.5553,$7.80,0.0,0.0,+,8,401.0,---,2,,1,11,27,38,44
03-02-2026,Blink,BAE800222,16.64 kW AC,2026-03-02 7:21:32 AM EST,2026-03-02 12:03:42 PM EST,4:27:22,42.1825,$8.93,1066.1,10.1,-,9,443.2,2.41,3,,4,11,26,40,50
03-03-2026,Blink,BAE800222,16.64 kW AC,2026-03-03 7:31:08 AM EST,2026-03-03 12:09:14 PM EST,4:06:59,38.0908,$8.11,0.0,0.0,+,0,38.1,---,3,,2,9,26,38,50
03-05-2026,Blink,BAE800222,16.64 kW AC,2026-03-05 7:19:17 AM EST,2026-03-05 3:07:02 PM EST,6:28:31,61.4308,$12.78,0.0,0.0,+,1,99.5,---,3,,2,14,27,39,55
03-08-2026,Charge Point,CP16932861,6.6 kW AC,2026-03-08 10:00:43 AM EDT,2026-03-08 10:57:45 AM EDT,0:57:01,45.6778,$20.38,0.0,0.0,+,2,145.2,---,3,,22,31,37,46,55
03-11-2026,Blink,BAE800222,16.64 kW AC,2026-03-11 7:58:29 AM EDT,2026-03-11 2:01:14 PM EDT,5:45:24,55.1534,$11.52,558.4,9.5,-,3,200.4,2.79,3,,28,36,45,60,74
03-13-2026,Blink,BAE800231,16.64 kW AC,2026-03-13 8:04:39 AM EDT,2026-03-13 3:45:37 PM EDT,5:54:54,56.4746,$11.78,0.0,0.0,+,0,56.5,---,3,,24,31,44,60,74
03-16-2026,Blink,BAE800231,16.64 kW AC,2026-03-16 8:14:38 AM EDT,2026-03-16 2:06:26 PM EDT,3:44:34,35.4806,$7.59,272.6,7.1,-,1,92.0,2.96,3,,,,,,
03-18-2026,Blink,BAE800231,16.64 kW AC,2026-03-18 7:07:12 AM EDT,2026-03-18 2:01:55 PM EDT,6:34:59,62.6118,$13.01,0.0,0.0,+,0,62.6,---,3,,,,,,
03-19-2026,Blink,BAE800231,16.64 kW AC,2026-03-19 7:10:44 AM EDT,2026-03-19 11:28:07 AM EDT,3:53:18,36.3890,$7.77,281.0,7.4,-,1,99.0,2.84,3,,,,,,
03-23-2026,Blink,BAE800231,16.64 kW AC,2026-03-23 7:26:14 AM EDT,2026-03-23 1:30:08 PM EDT,5:25:26,51.0591,$10.70,147.1,7.3,-,0,51.1,2.88,3,,,,,,
03-24-2026,Blink,BAE800222,16.64 kW AC,2026-03-24 7:20:06 AM EDT,2026-03-24 11:17:52 AM EDT,3:38:16,34.1071,$7.31,0.0,0.0,+,0,34.1,---,3,,,,,,
03-26-2026,Blink,BAE800222,16.64 kW AC,2026-03-26 7:57:31 AM EDT,2026-03-26 3:04:19 PM EDT,6:05:48,56.6223,$11.81,268.6,7.1,-,1,90.7,2.96,3,,,,,,
03-30-2026,Blink,BAE800231,16.64 kW AC,2026-03-30 7:28:01 AM EDT,2026-03-30 3:04:58 PM EDT,6:21:49,60.6188,$12.61,199.6,6.3,-,0,60.6,3.29,3,,,,,,
04-01-2026,Blink,BAE800231,16.64 kW AC,2026-04-01 7:32:13 AM EDT,2026-04-01 2:29:46 PM EDT,5:28:39,52.4107,$10.97,180.5,6.1,-,0,52.4,3.44,4,,,,,,
04-06-2026,Blink,BAE800231,16.64 kW AC,2026-04-06 7:20:22 AM EDT,2026-04-06 2:47:20 PM EDT,7:03:32,66.0937,$13.71,202.4,6.8,-,0,66.1,3.06,4,,,,,,
04-08-2026,Blink,BAE800231,16.64 kW AC,2026-04-08 7:38:40 AM EDT,2026-04-08 3:41:20 PM EDT,7:03:32,66.1860,$13.73,197.6,6.9,-,0,66.2,2.99,4,,,,,,
04-10-2026,Blink,BAE800231,16.64 kW AC,2026-04-10 7:22:35 AM EDT,2026-04-10 2:30:51 PM EDT,6:28:20,61.7761,$12.85,185.8,6.9,-,0,61.8,3.01,4,,,,,,
04-14-2026,Blink,BAE800231,16.64 kW AC,2026-04-14 7:25:41 AM EDT,2026-04-14 2:45:38 PM EDT,6:39:09,62.1387,$12.92,212.6,6.1,-,0,62.1,3.42,4,,,,,,
04-16-2026,Blink,BAE800231,16.64 kW AC,2026-04-16 9:33:53 AM EDT,2026-04-16 5:12:05 PM EDT,5:24:19,51.3820,$10.77,0.0,0.0,+,0,51.4,---,4,,,,,,
04-20-2026,Blink,BAE800231,16.64 kW AC,2026-04-20 7:17:03 AM EDT,2026-04-20 12:15:24 PM EDT,3:59:32,37.2399,$7.94,305.1,6.1,-,1,88.6,3.44,4,,,,,,
04-22-2026,Blink,BAE800231,16.64 kW AC,2026-04-22 7:15:09 AM EDT,2026-04-22 1:03:17 PM EDT,5:42:02,54.2054,$11.33,175.9,6.4,-,0,54.2,3.25,4,,,,,,
04-24-2026,Electrify America,200001-02,350 kW DC,2026-04-24 7:30:00 AM EDT,2026-04-24 7:49:00 AM EDT,0:19:00,30.5920,$0.00,0.0,0.0,+,0,30.6,---,4,,,,,,
04-24-2026,Blink,BAE800231,16.64 kW AC,2026-04-24 7:57:39 AM EDT,2026-04-24 1:04:38 PM EDT,3:02:43,28.9531,$6.28,186.2,3.4,-,1,59.5,3.13,4,,,,,,
05-04-2026,Blink,BAE800231,16.64 kW AC,2026-05-04 7:35:58 AM EDT,2026-05-04 1:42:10 PM EDT,6:01:50,56.2804,$11.75,191.4,6.1,-,0,56.3,3.40,5,,,,,,
05-06-2026,Blink,BAE800231,16.64 kW AC,2026-05-06 8:13:10 AM EDT,2026-05-06 3:20:40 PM EDT,5:24:46,50.7308,$10.64,0.0,0.0,+,0,50.7,---,5,,,,,,
05-08-2026,Blink,BAE800231,16.64 kW AC,2026-05-08 7:20:56 AM EDT,2026-05-08 1:40:47 PM EDT,5:07:13,48.9415,$10.28,357.1,5.9,-,1,99.7,3.58,5,,,,,,
05-11-2026,Blink,BAE800222,16.64 kW AC,2026-05-11 7:38:19 AM EDT,2026-05-11 12:44:41 PM EDT,4:33:25,42.7135,$9.03,145.2,6.2,-,0,42.7,3.40,5,,,,,,
05-13-2026,Blink,BAE800231,16.64 kW AC,2026-05-13 7:27:25 AM EDT,2026-05-13 2:54:53 PM EDT,5:11:40,48.8421,$10.26,179.1,5.7,-,0,48.8,3.67,5,,,,,,
05-18-2026,Blink,BAE800231,16.64 kW AC,2026-05-18 8:10:34 AM EDT,2026-05-18 3:34:16 PM EDT,7:11:00,67.5413,$14.00,239.1,5.9,-,0,67.5,3.54,5,,,,,,
05-21-2026,Blink,BAE800231,16.64 kW AC,2026-05-21 7:40:04 AM EDT,2026-05-21 3:05:29 PM EDT,7:19:34,69.6111,$14.41,268.4,5.4,-,0,69.6,3.86,5,,,,,,
05-27-2026,Blink,BAE800231,16.64 kW AC,2026-05-27 7:22:04 AM EDT,2026-05-27 2:32:49 PM EDT,6:25:06,60.8431,$12.66,229.3,5.5,-,0,60.8,3.77,5,,,,,,
05-29-2026,Blink,BAE800231,16.64 kW AC,2026-05-29 7:32:44 AM EDT,2026-05-29 4:01:33 PM EDT,4:55:53,46.8561,$9.86,177.8,5.5,-,0,46.9,3.79,5,,,,,,
06-01-2026,Blink,BAE800231,16.64 kW AC,2026-06-01 7:46:15 AM EDT,2026-06-01 1:45:20 PM EDT,4:39:56,43.4434,$9.18,149.0,6.2,-,0,43.4,3.43,6,,,,,,
06-03-2026,Blink,BAE800231,16.64 kW AC,2026-06-03 7:54:22 AM EDT,2026-06-03 2:24:38 PM EDT,5:39:30,52.5767,$11.01,189.2,5.8,-,0,52.6,3.60,6,,,,,,
06-05-2026,Blink,BAE800231,16.64 kW AC,2026-06-05 7:31:44 AM EDT,2026-06-05 2:14:49 PM EDT,4:44:44,45.1591,$9.52,178.2,5.3,-,0,45.2,3.95,6,,,,,,
06-09-2026,Blink,BAE800231,16.64 kW AC,2026-06-09 7:30:05 AM EDT,2026-06-09 2:19:54 PM EDT,5:20:16,49.5273,$10.40,188.5,5.5,-,0,49.5273,3.805981751,6,,,,,,
06-11-2026,Blink,BAE800231,16.64 kW AC,2026-06-11 7:16:03 AM EDT,2026-06-11 1:57:13 PM EDT,4:36:38,43.6428,$9.22,166.0,5.6,-,0,43.6428,3.803605635,6,,,,,,
06-15-2026,Blink,BAE800231,16.64 kW AC,2026-06-15 7:26:49 AM EDT,2026-06-15 1:08:25 PM EDT,5:26:41,51.6177,$10.81,197.7,5.5,-,0,51.6177,3.830081542,6,,,,,,
06-17-2026,Blink,BAE800230,16.64 kW AC,2026-06-17 11:19:49 AM EDT,2026-06-17 4:21:51 PM EDT,5:02:00,47.9856,$10.09,0.0,,+,0,47.9856,---,6,,,,,,
06-22-2026,Blink,BAE800231,16.64 kW AC,2026-06-22 7:39:43 AM EDT,2026-06-22 1:42:44 PM EDT,5:55:30,55.7752,$11.65,392.1,3.0,-,1,103.7608,3.77888374,6,,,,,,
06-24-2026,Blink,BAE800231,16.64 kW AC,2026-06-24 9:30:29 AM EDT,2026-06-24 3:18:25 PM EDT,5:10:24,49.2859,$10.35,179.7,5.8,-,0,49.2859,3.646073218,6,,,,,,
06-26-2026,Blink,BAE800222,16.64 kW AC,2026-06-26 7:23:31 AM EDT,2026-06-26 12:50:28 PM EDT,4:38:53,43.4495,$9.18,169.9,5.4,-,0,43.4495,3.910286655,6,,,,,,
06-29-2026,Blink,BAE800231,16.64 kW AC,2026-06-29 7:28:46 AM EDT,2026-06-29 12:36:30 PM EDT,4:45:15,44.4542,$9.38,154.6,6.1,-,0,44.4542,3.477736637,6,,,,,,
07-01-2026,Blink,BAE800231,16.64 kW AC,2026-07-01 7:25:59 AM EDT,2026-07-01 2:04:22 PM EDT,5:50:51,53.7522,$11.24,199.0,5.6,-,0,53.7522,3.702174051,7,,,,,,
07-07-2026,Blink,BAE800230,16.64 kW AC,2026-07-07 7:21:45 AM EDT,2026-07-07 1:27:10 PM EDT,5:15:31,50.4431,$10.58,181.7,5.8,-,0,50.4431,3.602078381,7,,,,,,
07-09-2026,Blink,BAE800231,16.64 kW AC,2026-07-09 7:27:24 AM EDT,2026-07-09 1:52:07 PM EDT,5:42:59,53.0427,$11.10,187.0,5.9,-,0,53.0427,3.525461562,7,,,,,,
07-13-2026,Blink,BAE800231,16.64 kW AC,2026-07-13 7:44:39 AM EDT,2026-07-13 4:54:53 PM EDT,7:26:18,69.2507,$14.34,257.8,5.6,-,0,69.2507,3.722706052,7,,,,,,
07-15-2026,Electrify America,unknown,unknown,2026-07-15 7:46:00 AM EDT,2026-07-15 7:52:00 AM EDT,0:06:00,10.5600,$0.00,0.0,0.0,+,0,10.5600,---,7,,,,,,
07-17-2026,Blink,BAE800231,16.64 kW AC,2026-07-17 7:41:22 AM EDT,2026-07-17 2:37:58 PM EDT,6:38:47,62.5798,$13.01,283.0,4.6,-,1,73.1398,3.86930235,7,,,,,,
07-21-2026,Blink,BAE800231,16.64 kW AC,2026-07-21 7:27:05 AM EDT,2026-07-21 5:30:42 PM EDT,7:21:28,69.8259,$14.46,257.7,5.6,-,0,69.8259,3.69060764,7,,,,,,
07-23-2026,Blink,BAE800231,16.64 kW AC,2026-07-23 7:47:38 AM EDT,2026-07-23 1:41:38 PM EDT,5:09:17,48.5183,$10.19,185.7,5.5,-,0,48.5183,3.827421818,7,,,,,,
07-29-2026,Blink,BAE800231,16.64 kW AC,2026-07-29 7:28:14 AM EDT,2026-07-29 2:29:51 PM EDT,6:57:42,66.4089,$13.77,239.4,5.8,-,0,66.4089,3.604938495,7,,,,,,
07-31-2026,Blink,BAE800231,16.64 kW AC,2026-07-31 7:20:57 AM EDT,2026-07-31 3:41:14 PM EDT,5:08:32,49.2384,$10.34,179.8,5.8,-,0,49.2384,3.651621499,7,,,,,,